RECORDING_SESSION_LABEL,TRIAL_INDEX,EYE_USED,CURRENT_FIX_INDEX,CURRENT_FIX_START,CURRENT_FIX_END,CURRENT_FIX_DURATION,CURRENT_FIX_X,CURRENT_FIX_X_RESOLUTION,CURRENT_FIX_Y,CURRENT_FIX_Y_RESOLUTION,NEXT_FIX_DIRECTION,NEXT_FIX_DISTANCE,NEXT_FIX_START,NEXT_FIX_END,NEXT_FIX_DURATION,NEXT_FIX_X,NEXT_FIX_X_RESOLUTION,NEXT_FIX_Y,NEXT_FIX_Y_RESOLUTION,PREVIOUS_FIX_DIRECTION,PREVIOUS_FIX_DISTANCE,PREVIOUS_FIX_START,PREVIOUS_FIX_END,PREVIOUS_FIX_DURATION,PREVIOUS_FIX_X,PREVIOUS_FIX_X_RESOLUTION,PREVIOUS_FIX_Y,PREVIOUS_FIX_Y_RESOLUTION
13,1,RIGHT,1,7,337,331,311.8,31.7,241.4,41.7,LEFT,5.54,375,443,69,149.7,32.5,145.5,42.2,.,.,.,.,.,.,.,.,.
13,1,RIGHT,2,375,443,69,149.7,32.5,145.5,42.2,UP,2.38,467,622,156,105.4,32.8,62.8,42.45,RIGHT,5.54,7,337,331,311.8,31.7,241.4,41.7
13,1,RIGHT,3,467,622,156,105.4,32.8,62.8,42.45,LEFT,1.21,640,718,79,67.9,33.2,45.4,42.7,DOWN,2.38,375,443,69,149.7,32.5,145.5,42.2
13,1,RIGHT,4,640,718,79,67.9,33.2,45.4,42.7,RIGHT,2.57,756,915,160,152.1,32.55,35,42.3,RIGHT,1.21,467,622,156,105.4,32.8,62.8,42.45
13,1,RIGHT,5,756,915,160,152.1,32.55,35,42.3,RIGHT,1.81,949,1099,151,210.4,32.15,39.4,42,LEFT,2.57,640,718,79,67.9,33.2,45.4,42.7
13,1,RIGHT,6,949,1099,151,210.4,32.15,39.4,42,RIGHT,2.36,1136,1415,280,285.7,31.8,46.6,41.8,LEFT,1.81,756,915,160,152.1,32.55,35,42.3
13,1,RIGHT,7,1136,1415,280,285.7,31.8,46.6,41.8,LEFT,0.99,1440,1587,148,255.1,31.9,57.4,41.9,LEFT,2.36,949,1099,151,210.4,32.15,39.4,42
13,1,RIGHT,8,1440,1587,148,255.1,31.9,57.4,41.9,LEFT,4.01,1635,1968,334,126,32.7,43,42.4,RIGHT,0.99,1136,1415,280,285.7,31.8,46.6,41.8
13,1,RIGHT,9,1635,1968,334,126,32.7,43,42.4,RIGHT,1.73,2005,2338,334,182.2,32.35,43.1,42.2,RIGHT,4.01,1440,1587,148,255.1,31.9,57.4,41.9
13,1,RIGHT,10,2005,2338,334,182.2,32.35,43.1,42.2,LEFT,1.07,2358,2683,326,147.8,32.55,38.4,42.3,LEFT,1.73,1635,1968,334,126,32.7,43,42.4
13,1,RIGHT,11,2358,2683,326,147.8,32.55,38.4,42.3,RIGHT,2.09,2720,2899,180,215.3,32.15,37.6,42.05,RIGHT,1.07,2005,2338,334,182.2,32.35,43.1,42.2
13,1,RIGHT,12,2720,2899,180,215.3,32.15,37.6,42.05,RIGHT,1.05,2931,3153,223,248.8,31.95,39.7,41.9,LEFT,2.09,2358,2683,326,147.8,32.55,38.4,42.3
13,1,RIGHT,13,2931,3153,223,248.8,31.95,39.7,41.9,RIGHT,1.23,3186,3454,269,287.9,31.75,38.1,41.8,LEFT,1.05,2720,2899,180,215.3,32.15,37.6,42.05
13,1,RIGHT,14,3186,3454,269,287.9,31.75,38.1,41.8,RIGHT,2.41,3493,3787,295,364,31.5,38,41.6,LEFT,1.23,2931,3153,223,248.8,31.95,39.7,41.9
13,1,RIGHT,15,3493,3787,295,364,31.5,38,41.6,RIGHT,3.21,3828,3983,156,464.8,31.3,41.7,41.45,LEFT,2.41,3186,3454,269,287.9,31.75,38.1,41.8
13,1,RIGHT,16,3828,3983,156,464.8,31.3,41.7,41.45,LEFT,0.83,4128,4320,193,438.9,31.3,39.3,41.5,LEFT,3.21,3493,3787,295,364,31.5,38,41.6
13,1,RIGHT,17,4128,4320,193,438.9,31.3,39.3,41.5,LEFT,2.45,4359,4679,321,362.1,31.5,37.2,41.6,RIGHT,0.83,3828,3983,156,464.8,31.3,41.7,41.45
13,1,RIGHT,18,4359,4679,321,362.1,31.5,37.2,41.6,RIGHT,3.06,4720,4889,170,457.9,31.3,44.1,41.5,RIGHT,2.45,4128,4320,193,438.9,31.3,39.3,41.5
13,1,RIGHT,19,4720,4889,170,457.9,31.3,44.1,41.5,.,0.35,4904,5158,255,447.1,31.3,42.9,41.5,LEFT,3.06,4359,4679,321,362.1,31.5,37.2,41.6
13,1,RIGHT,20,4904,5158,255,447.1,31.3,42.9,41.5,LEFT,8.21,5218,5351,134,186.6,32.25,25.6,42.15,.,0.35,4720,4889,170,457.9,31.3,44.1,41.5
13,1,RIGHT,21,5218,5351,134,186.6,32.25,25.6,42.15,LEFT,1.76,5389,5675,287,129.5,32.65,30.7,42.4,RIGHT,8.21,4904,5158,255,447.1,31.3,42.9,41.5
13,1,RIGHT,22,5389,5675,287,129.5,32.65,30.7,42.4,RIGHT,2.19,5713,6028,316,200.5,32.25,32.3,42.1,RIGHT,1.76,5218,5351,134,186.6,32.25,25.6,42.15
13,1,RIGHT,23,5713,6028,316,200.5,32.25,32.3,42.1,RIGHT,1.86,6064,6237,174,260,31.9,35.4,41.9,LEFT,2.19,5389,5675,287,129.5,32.65,30.7,42.4
13,1,RIGHT,24,6064,6237,174,260,31.9,35.4,41.9,RIGHT,1.26,6269,6772,504,300.1,31.75,38.1,41.8,LEFT,1.86,5713,6028,316,200.5,32.25,32.3,42.1
13,1,RIGHT,25,6269,6772,504,300.1,31.75,38.1,41.8,RIGHT,2.31,6811,7345,535,373.2,31.5,36.5,41.6,LEFT,1.26,6064,6237,174,260,31.9,35.4,41.9
13,1,RIGHT,26,6811,7345,535,373.2,31.5,36.5,41.6,RIGHT,2.82,7373,7651,279,461.9,31.3,36.5,41.5,LEFT,2.31,6269,6772,504,300.1,31.75,38.1,41.8
13,1,RIGHT,27,7373,7651,279,461.9,31.3,36.5,41.5,.,0.37,7669,7781,113,450.4,31.3,35.9,41.5,LEFT,2.82,6811,7345,535,373.2,31.5,36.5,41.6
13,1,RIGHT,28,7669,7781,113,450.4,31.3,35.9,41.5,RIGHT,2.49,7819,8044,226,528.3,31.3,38.5,41.5,.,0.37,7373,7651,279,461.9,31.3,36.5,41.5
13,1,RIGHT,29,7819,8044,226,528.3,31.3,38.5,41.5,RIGHT,1.68,8079,8301,223,580.8,31.3,42.5,41.5,LEFT,2.49,7669,7781,113,450.4,31.3,35.9,41.5
13,1,RIGHT,30,8079,8301,223,580.8,31.3,42.5,41.5,RIGHT,1.56,8336,8568,233,629.8,31.35,43.8,41.5,LEFT,1.68,7819,8044,226,528.3,31.3,38.5,41.5
13,1,RIGHT,31,8336,8568,233,629.8,31.35,43.8,41.5,RIGHT,1.82,8605,8737,133,686.9,31.5,43.1,41.6,LEFT,1.56,8079,8301,223,580.8,31.3,42.5,41.5
13,1,RIGHT,32,8605,8737,133,686.9,31.5,43.1,41.6,RIGHT,1.83,8774,9010,237,744.7,31.75,44.6,41.8,LEFT,1.82,8336,8568,233,629.8,31.35,43.8,41.5
13,1,RIGHT,33,8774,9010,237,744.7,31.75,44.6,41.8,RIGHT,2.49,9047,9297,251,824.3,32.15,45.2,42.05,LEFT,1.83,8605,8737,133,686.9,31.5,43.1,41.6
13,1,RIGHT,34,9047,9297,251,824.3,32.15,45.2,42.05,RIGHT,2.47,9324,9540,217,904.5,32.75,45.5,42.4,LEFT,2.49,8774,9010,237,744.7,31.75,44.6,41.8
13,1,RIGHT,35,9324,9540,217,904.5,32.75,45.5,42.4,RIGHT,1.8,9567,9738,172,963.8,33.25,42.7,42.75,LEFT,2.47,9047,9297,251,824.3,32.15,45.2,42.05
13,1,RIGHT,36,9567,9738,172,963.8,33.25,42.7,42.75,LEFT,25.37,9836,9927,92,128.1,32.65,59.2,42.35,LEFT,1.8,9324,9540,217,904.5,32.75,45.5,42.4
13,1,RIGHT,37,9836,9927,92,128.1,32.65,59.2,42.35,LEFT,1.55,9965,10102,138,77.6,33.1,69.1,42.6,RIGHT,25.37,9567,9738,172,963.8,33.25,42.7,42.75
13,1,RIGHT,38,9965,10102,138,77.6,33.1,69.1,42.6,RIGHT,2.72,10142,10271,130,166.6,32.45,69.7,42.25,RIGHT,1.55,9836,9927,92,128.1,32.65,59.2,42.35
13,1,RIGHT,39,10142,10271,130,166.6,32.45,69.7,42.25,LEFT,0.89,10302,10372,71,137.7,32.6,69.2,42.3,LEFT,2.72,9965,10102,138,77.6,33.1,69.1,42.6
13,1,RIGHT,40,10302,10372,71,137.7,32.6,69.2,42.3,LEFT,1.64,10410,10832,423,84,32.95,72.7,42.55,RIGHT,0.89,10142,10271,130,166.6,32.45,69.7,42.25
13,1,RIGHT,41,10410,10832,423,84,32.95,72.7,42.55,RIGHT,2.06,10869,11046,178,151.5,32.55,72.9,42.3,RIGHT,1.64,10302,10372,71,137.7,32.6,69.2,42.3
13,1,RIGHT,42,10869,11046,178,151.5,32.55,72.9,42.3,UP,1.07,11066,11214,149,134.3,32.7,33.7,42.4,LEFT,2.06,10410,10832,423,84,32.95,72.7,42.55
13,1,RIGHT,43,11066,11214,149,134.3,32.7,33.7,42.4,RIGHT,2.66,11252,11372,121,220.4,32.15,31.3,42.05,DOWN,1.07,10869,11046,178,151.5,32.55,72.9,42.3
13,1,RIGHT,44,11252,11372,121,220.4,32.15,31.3,42.05,RIGHT,1.68,11409,11685,277,274.2,31.85,30.9,41.85,LEFT,2.66,11066,11214,149,134.3,32.7,33.7,42.4
13,1,RIGHT,45,11409,11685,277,274.2,31.85,30.9,41.85,LEFT,0.88,11711,12177,467,246.3,32,35.1,41.9,LEFT,1.68,11252,11372,121,220.4,32.15,31.3,42.05
13,1,RIGHT,46,11711,12177,467,246.3,32,35.1,41.9,LEFT,1.89,12216,12592,377,185.6,32.3,34.5,42.1,RIGHT,0.88,11409,11685,277,274.2,31.85,30.9,41.85
13,1,RIGHT,47,12216,12592,377,185.6,32.3,34.5,42.1,LEFT,1.51,12630,13040,411,136.7,32.55,37.6,42.35,RIGHT,1.89,11711,12177,467,246.3,32,35.1,41.9
13,1,RIGHT,48,12630,13040,411,136.7,32.55,37.6,42.35,RIGHT,1.91,13169,13383,215,196.6,32.2,57.3,42.1,RIGHT,1.51,12216,12592,377,185.6,32.3,34.5,42.1
13,1,RIGHT,49,13169,13383,215,196.6,32.2,57.3,42.1,RIGHT,1.35,13417,13597,181,238.7,32,70.6,41.9,LEFT,1.91,12630,13040,411,136.7,32.55,37.6,42.35
13,1,RIGHT,50,13417,13597,181,238.7,32,70.6,41.9,LEFT,0.53,13622,14131,510,222.1,32.1,74.7,41.95,LEFT,1.35,13169,13383,215,196.6,32.2,57.3,42.1
13,1,RIGHT,51,13622,14131,510,222.1,32.1,74.7,41.95,RIGHT,2.86,14176,14320,145,313.2,31.65,72.7,41.7,RIGHT,0.53,13417,13597,181,238.7,32,70.6,41.9
13,1,RIGHT,52,14176,14320,145,313.2,31.65,72.7,41.7,LEFT,3.04,14363,14710,348,216.6,32.05,66.8,41.95,LEFT,2.86,13622,14131,510,222.1,32.1,74.7,41.95
13,1,RIGHT,53,14363,14710,348,216.6,32.05,66.8,41.95,RIGHT,3.08,14751,14960,210,314.5,31.65,74.8,41.7,RIGHT,3.04,14176,14320,145,313.2,31.65,72.7,41.7
13,1,RIGHT,54,14751,14960,210,314.5,31.65,74.8,41.7,LEFT,2.63,15676,15917,242,230.6,32.1,73.7,41.9,LEFT,3.08,14363,14710,348,216.6,32.05,66.8,41.95
13,1,RIGHT,55,15676,15917,242,230.6,32.1,73.7,41.9,RIGHT,3.39,15959,16163,205,338.5,31.6,80.5,41.65,RIGHT,2.63,14751,14960,210,314.5,31.65,74.8,41.7
13,1,RIGHT,56,15959,16163,205,338.5,31.6,80.5,41.65,LEFT,2.81,16200,16498,299,249.9,31.75,67.4,41.75,LEFT,3.39,15676,15917,242,230.6,32.1,73.7,41.9
13,1,RIGHT,57,16200,16498,299,249.9,31.75,67.4,41.75,RIGHT,6.02,16545,16915,371,439.4,31.3,80.8,41.5,RIGHT,2.81,15959,16163,205,338.5,31.6,80.5,41.65
13,1,RIGHT,58,16545,16915,371,439.4,31.3,80.8,41.5,RIGHT,3.19,16950,17225,276,539.1,31.2,78.6,41.4,LEFT,6.02,16200,16498,299,249.9,31.75,67.4,41.75
13,1,RIGHT,59,16950,17225,276,539.1,31.2,78.6,41.4,.,0.35,17233,17361,129,528.5,31.2,76.1,41.4,LEFT,3.19,16545,16915,371,439.4,31.3,80.8,41.5
13,1,RIGHT,60,17233,17361,129,528.5,31.2,76.1,41.4,RIGHT,1.7,17395,17659,265,581.6,31.3,75.9,41.4,.,0.35,16950,17225,276,539.1,31.2,78.6,41.4
13,1,RIGHT,61,17395,17659,265,581.6,31.3,75.9,41.4,RIGHT,3.6,17700,18096,397,694.5,31.5,78.5,41.6,LEFT,1.7,17233,17361,129,528.5,31.2,76.1,41.4
13,1,RIGHT,62,17700,18096,397,694.5,31.5,78.5,41.6,RIGHT,1.38,18131,18251,121,738.1,31.7,81.8,41.7,LEFT,3.6,17395,17659,265,581.6,31.3,75.9,41.4
13,1,RIGHT,63,18131,18251,121,738.1,31.7,81.8,41.7,RIGHT,2.18,18277,18614,338,807.6,32.1,80.4,41.95,LEFT,1.38,17700,18096,397,694.5,31.5,78.5,41.6
13,1,RIGHT,64,18277,18614,338,807.6,32.1,80.4,41.95,RIGHT,2.5,18651,18860,210,888.3,32.55,80.9,42.25,LEFT,2.18,18131,18251,121,738.1,31.7,81.8,41.7
13,1,RIGHT,65,18651,18860,210,888.3,32.55,80.9,42.25,RIGHT,1.55,18895,19123,229,938.9,32.95,80.2,42.55,LEFT,2.5,18277,18614,338,807.6,32.1,80.4,41.95
13,1,RIGHT,66,18895,19123,229,938.9,32.95,80.2,42.55,LEFT,1.15,19143,19292,150,901.2,32.7,82.1,42.35,LEFT,1.55,18651,18860,210,888.3,32.55,80.9,42.25
13,1,RIGHT,67,19143,19292,150,901.2,32.7,82.1,42.35,RIGHT,2.41,19330,19466,137,980.7,33.35,78.8,42.75,RIGHT,1.15,18895,19123,229,938.9,32.95,80.2,42.55
13,1,RIGHT,68,19330,19466,137,980.7,33.35,78.8,42.75,LEFT,25.93,19561,19668,108,125.1,32.65,93.9,42.35,LEFT,2.41,19143,19292,150,901.2,32.7,82.1,42.35
13,1,RIGHT,69,19561,19668,108,125.1,32.65,93.9,42.35,LEFT,1.62,19695,19877,183,73,33.15,108.1,42.6,RIGHT,25.93,19330,19466,137,980.7,33.35,78.8,42.75
13,1,RIGHT,70,19695,19877,183,73,33.15,108.1,42.6,RIGHT,2.04,19913,20055,143,139.7,32.65,116.2,42.3,RIGHT,1.62,19561,19668,108,125.1,32.65,93.9,42.35
13,1,RIGHT,71,19913,20055,143,139.7,32.65,116.2,42.3,RIGHT,3.31,20096,20268,173,246.5,31.95,115.5,41.9,LEFT,2.04,19695,19877,183,73,33.15,108.1,42.6
13,1,RIGHT,72,20096,20268,173,246.5,31.95,115.5,41.9,LEFT,0.75,20291,20488,198,222.5,32.1,115.1,41.9,LEFT,3.31,19913,20055,143,139.7,32.65,116.2,42.3
13,1,RIGHT,73,20291,20488,198,222.5,32.1,115.1,41.9,RIGHT,4.76,20526,20682,157,373.7,31.45,111.1,41.5,RIGHT,0.75,20096,20268,173,246.5,31.95,115.5,41.9
13,1,RIGHT,74,20526,20682,157,373.7,31.45,111.1,41.5,RIGHT,1.87,20718,20863,146,431.8,31.3,120.7,41.4,LEFT,4.76,20291,20488,198,222.5,32.1,115.1,41.9
13,1,RIGHT,75,20718,20863,146,431.8,31.3,120.7,41.4,LEFT,0.79,20887,21217,331,407.1,31.4,119.3,41.5,LEFT,1.87,20526,20682,157,373.7,31.45,111.1,41.5
13,1,RIGHT,76,20887,21217,331,407.1,31.4,119.3,41.5,RIGHT,2.52,21255,21544,290,486.1,31.25,118.3,41.4,RIGHT,0.79,20718,20863,146,431.8,31.3,120.7,41.4
13,1,RIGHT,77,21255,21544,290,486.1,31.25,118.3,41.4,RIGHT,2.74,21583,21758,176,571.6,31.2,115.3,41.4,LEFT,2.52,20887,21217,331,407.1,31.4,119.3,41.5
13,1,RIGHT,78,21583,21758,176,571.6,31.2,115.3,41.4,RIGHT,2.94,21797,21932,136,663.7,31.4,118.2,41.5,LEFT,2.74,21255,21544,290,486.1,31.25,118.3,41.4
13,1,RIGHT,79,21797,21932,136,663.7,31.4,118.2,41.5,RIGHT,0.92,21963,22163,201,692.5,31.5,121.2,41.55,LEFT,2.94,21583,21758,176,571.6,31.2,115.3,41.4
13,1,RIGHT,80,21963,22163,201,692.5,31.5,121.2,41.55,LEFT,1.86,22189,22416,228,634,31.3,120.2,41.45,LEFT,0.92,21797,21932,136,663.7,31.4,118.2,41.5
13,1,RIGHT,81,22189,22416,228,634,31.3,120.2,41.45,LEFT,1.58,22484,22686,203,584.6,31.3,116,41.4,RIGHT,1.86,21963,22163,201,692.5,31.5,121.2,41.55
13,1,RIGHT,82,22484,22686,203,584.6,31.3,116,41.4,RIGHT,3.84,22729,22854,126,705.1,31.55,119.9,41.6,RIGHT,1.58,22189,22416,228,634,31.3,120.2,41.45
13,1,RIGHT,83,22729,22854,126,705.1,31.55,119.9,41.6,RIGHT,3.24,22894,23110,217,808,32.05,122.1,41.9,LEFT,3.84,22484,22686,203,584.6,31.3,116,41.4
13,1,RIGHT,84,22894,23110,217,808,32.05,122.1,41.9,RIGHT,2.39,23148,23407,260,885.3,32.55,122.7,42.25,LEFT,3.24,22729,22854,126,705.1,31.55,119.9,41.6
13,1,RIGHT,85,23148,23407,260,885.3,32.55,122.7,42.25,RIGHT,1.14,23432,23587,156,922.4,32.9,127,42.45,LEFT,2.39,22894,23110,217,808,32.05,122.1,41.9
13,1,RIGHT,86,23432,23587,156,922.4,32.9,127,42.45,RIGHT,1.74,23620,23760,141,980.1,33.35,126.8,42.75,LEFT,1.14,23148,23407,260,885.3,32.55,122.7,42.25
13,1,RIGHT,87,23620,23760,141,980.1,33.35,126.8,42.75,LEFT,25.92,23861,23978,118,124.9,32.65,149.4,42.35,LEFT,1.74,23432,23587,156,922.4,32.9,127,42.45
13,1,RIGHT,88,23861,23978,118,124.9,32.65,149.4,42.35,LEFT,1.48,24003,24291,289,76.7,33.15,158.3,42.6,RIGHT,25.92,23620,23760,141,980.1,33.35,126.8,42.75
13,1,RIGHT,89,24003,24291,289,76.7,33.15,158.3,42.6,RIGHT,3.01,24331,24537,207,175.4,32.45,160.9,42.15,RIGHT,1.48,23861,23978,118,124.9,32.65,149.4,42.35
13,1,RIGHT,90,24331,24537,207,175.4,32.45,160.9,42.15,LEFT,0.66,24558,24704,147,153.9,32.5,159.8,42.2,LEFT,3.01,24003,24291,289,76.7,33.15,158.3,42.6
13,1,RIGHT,91,24558,24704,147,153.9,32.5,159.8,42.2,RIGHT,5.69,24751,24914,164,336.2,31.6,166.7,41.6,RIGHT,0.66,24331,24537,207,175.4,32.45,160.9,42.15
13,1,RIGHT,92,24751,24914,164,336.2,31.6,166.7,41.6,LEFT,0.97,24937,25231,295,305.7,31.7,163.7,41.7,LEFT,5.69,24558,24704,147,153.9,32.5,159.8,42.2
13,1,RIGHT,93,24937,25231,295,305.7,31.7,163.7,41.7,RIGHT,2.61,25272,25450,179,387.9,31.4,164.6,41.5,RIGHT,0.97,24751,24914,164,336.2,31.6,166.7,41.6
13,1,RIGHT,94,25272,25450,179,387.9,31.4,164.6,41.5,RIGHT,2.27,25488,25637,150,458.9,31.3,168.1,41.4,LEFT,2.61,24937,25231,295,305.7,31.7,163.7,41.7
13,1,RIGHT,95,25488,25637,150,458.9,31.3,168.1,41.4,RIGHT,2.82,25672,25979,308,547,31.2,168,41.4,LEFT,2.27,25272,25450,179,387.9,31.4,164.6,41.5
13,1,RIGHT,96,25672,25979,308,547,31.2,168,41.4,RIGHT,3.28,26019,26166,148,649.7,31.4,163.4,41.5,LEFT,2.82,25488,25637,150,458.9,31.3,168.1,41.4
13,1,RIGHT,97,26019,26166,148,649.7,31.4,163.4,41.5,LEFT,0.89,26191,26398,208,622,31.3,159.2,41.4,LEFT,3.28,25672,25979,308,547,31.2,168,41.4
13,1,RIGHT,98,26191,26398,208,622,31.3,159.2,41.4,RIGHT,4.38,26428,26794,367,760.2,31.8,159.7,41.75,RIGHT,0.89,26019,26166,148,649.7,31.4,163.4,41.5
13,1,RIGHT,99,26428,26794,367,760.2,31.8,159.7,41.75,RIGHT,3.46,26833,27030,198,871.3,32.45,163,42.15,LEFT,4.38,26191,26398,208,622,31.3,159.2,41.4
13,1,RIGHT,100,26833,27030,198,871.3,32.45,163,42.15,LEFT,0.55,27042,27176,135,853.5,32.35,164.3,42.1,LEFT,3.46,26428,26794,367,760.2,31.8,159.7,41.75
13,1,RIGHT,101,27042,27176,135,853.5,32.35,164.3,42.1,RIGHT,1.31,27201,27481,281,896.1,32.7,165.3,42.3,RIGHT,0.55,26833,27030,198,871.3,32.45,163,42.15
13,1,RIGHT,102,27201,27481,281,896.1,32.7,165.3,42.3,LEFT,22.12,27569,27702,134,184.8,32.25,34.9,42.15,LEFT,1.31,27042,27176,135,853.5,32.35,164.3,42.1
13,1,RIGHT,103,27569,27702,134,184.8,32.25,34.9,42.15,LEFT,1.94,27728,27902,175,122,32.75,29.6,42.45,RIGHT,22.12,27201,27481,281,896.1,32.7,165.3,42.3
13,1,RIGHT,104,27728,27902,175,122,32.75,29.6,42.45,RIGHT,3.25,27942,28087,146,227.4,32.05,32.7,42,RIGHT,1.94,27569,27702,134,184.8,32.25,34.9,42.15
13,1,RIGHT,105,27942,28087,146,227.4,32.05,32.7,42,RIGHT,2.38,28123,28341,219,303.3,31.7,33.9,41.75,LEFT,3.25,27728,27902,175,122,32.75,29.6,42.45
13,1,RIGHT,106,28123,28341,219,303.3,31.7,33.9,41.75,RIGHT,2.99,28378,28516,139,397.5,31.4,35.4,41.55,LEFT,2.38,27942,28087,146,227.4,32.05,32.7,42
13,1,RIGHT,107,28378,28516,139,397.5,31.4,35.4,41.55,RIGHT,1.45,28542,28752,211,442.9,31.3,37.1,41.5,LEFT,2.99,28123,28341,219,303.3,31.7,33.9,41.75
13,1,RIGHT,108,28542,28752,211,442.9,31.3,37.1,41.5,LEFT,2.16,28779,29006,228,375.1,31.4,36.4,41.6,LEFT,1.45,28378,28516,139,397.5,31.4,35.4,41.55
13,1,RIGHT,109,28779,29006,228,375.1,31.4,36.4,41.6,RIGHT,2.83,29033,29342,310,463.7,31.3,39.7,41.5,RIGHT,2.16,28542,28752,211,442.9,31.3,37.1,41.5
13,1,RIGHT,110,29033,29342,310,463.7,31.3,39.7,41.5,RIGHT,3.62,29384,29544,161,576.9,31.3,39.2,41.5,LEFT,2.83,28779,29006,228,375.1,31.4,36.4,41.6
13,1,RIGHT,111,29384,29544,161,576.9,31.3,39.2,41.5,LEFT,0.75,29560,29834,275,553.4,31.3,39.9,41.5,LEFT,3.62,29033,29342,310,463.7,31.3,39.7,41.5
13,1,RIGHT,112,29560,29834,275,553.4,31.3,39.9,41.5,RIGHT,3.47,29876,30002,127,662.1,31.45,43,41.6,RIGHT,0.75,29384,29544,161,576.9,31.3,39.2,41.5
13,1,RIGHT,113,29876,30002,127,662.1,31.45,43,41.6,RIGHT,2.29,30040,30428,389,734.4,31.7,48,41.7,LEFT,3.47,29560,29834,275,553.4,31.3,39.9,41.5
13,1,RIGHT,114,30040,30428,389,734.4,31.7,48,41.7,RIGHT,1.7,30569,30723,155,788.2,32,57.5,41.9,LEFT,2.29,29876,30002,127,662.1,31.45,43,41.6
13,1,RIGHT,115,30569,30723,155,788.2,32,57.5,41.9,RIGHT,2.38,30761,30913,153,864.6,32.45,49.9,42.2,LEFT,1.7,30040,30428,389,734.4,31.7,48,41.7
13,1,RIGHT,116,30761,30913,153,864.6,32.45,49.9,42.2,LEFT,4.56,30958,31199,242,718.4,31.7,43.3,41.75,LEFT,2.38,30569,30723,155,788.2,32,57.5,41.9
13,1,RIGHT,117,30958,31199,242,718.4,31.7,43.3,41.75,RIGHT,4.13,31244,31490,247,850.7,32.35,48.6,42.15,RIGHT,4.56,30761,30913,153,864.6,32.45,49.9,42.2
13,1,RIGHT,118,31244,31490,247,850.7,32.35,48.6,42.15,LEFT,1.37,31512,31671,160,806.7,32.1,47.7,42,LEFT,4.13,30958,31199,242,718.4,31.7,43.3,41.75
13,1,RIGHT,119,31512,31671,160,806.7,32.1,47.7,42,LEFT,3.01,31711,32004,294,710.8,31.65,44.8,41.7,RIGHT,1.37,31244,31490,247,850.7,32.35,48.6,42.15
13,1,RIGHT,120,31711,32004,294,710.8,31.65,44.8,41.7,LEFT,1.03,32028,32194,167,678.5,31.5,42.1,41.6,RIGHT,3.01,31512,31671,160,806.7,32.1,47.7,42
13,1,RIGHT,121,32028,32194,167,678.5,31.5,42.1,41.6,RIGHT,4.51,32238,32416,179,821.8,32.15,50.2,42,RIGHT,1.03,31711,32004,294,710.8,31.65,44.8,41.7
13,1,RIGHT,122,32238,32416,179,821.8,32.15,50.2,42,LEFT,0.58,32433,32747,315,803.3,32,50,41.95,LEFT,4.51,32028,32194,167,678.5,31.5,42.1,41.6
13,1,RIGHT,123,32433,32747,315,803.3,32,50,41.95,RIGHT,1.32,32781,32942,162,845.7,32.25,50,42.1,RIGHT,0.58,32238,32416,179,821.8,32.15,50.2,42
13,1,RIGHT,124,32781,32942,162,845.7,32.25,50,42.1,RIGHT,1.81,32980,33201,222,904.5,32.65,45.7,42.35,LEFT,1.32,32433,32747,315,803.3,32,50,41.95
13,1,RIGHT,125,32980,33201,222,904.5,32.65,45.7,42.35,LEFT,0.59,33221,33356,136,885.6,32.5,49.6,42.3,LEFT,1.81,32781,32942,162,845.7,32.25,50,42.1
13,1,RIGHT,126,33221,33356,136,885.6,32.5,49.6,42.3,RIGHT,1.85,34006,34158,153,946.1,33,53.7,42.6,RIGHT,0.59,32980,33201,222,904.5,32.65,45.7,42.35
13,1,RIGHT,127,34006,34158,153,946.1,33,53.7,42.6,LEFT,26.57,34336,34497,162,66.8,33.2,58.3,42.7,LEFT,1.85,33221,33356,136,885.6,32.5,49.6,42.3
13,1,RIGHT,128,34336,34497,162,66.8,33.2,58.3,42.7,RIGHT,0.85,34520,34918,399,92.8,32.95,71.7,42.5,RIGHT,26.57,34006,34158,153,946.1,33,53.7,42.6
13,1,RIGHT,129,34520,34918,399,92.8,32.95,71.7,42.5,RIGHT,1.68,34943,35139,197,147.8,32.5,72.3,42.2,LEFT,0.85,34336,34497,162,66.8,33.2,58.3,42.7
13,1,RIGHT,130,34943,35139,197,147.8,32.5,72.3,42.2,RIGHT,2.04,35165,35367,203,213.6,32.1,73.9,42,LEFT,1.68,34520,34918,399,92.8,32.95,71.7,42.5
13,1,RIGHT,131,35165,35367,203,213.6,32.1,73.9,42,RIGHT,2.85,35406,35606,201,304.4,31.65,75.4,41.7,LEFT,2.04,34943,35139,197,147.8,32.5,72.3,42.2
13,1,RIGHT,132,35406,35606,201,304.4,31.65,75.4,41.7,RIGHT,4.38,35650,36134,485,442.2,31.3,73.6,41.45,LEFT,2.85,35165,35367,203,213.6,32.1,73.9,42
13,1,RIGHT,133,35650,36134,485,442.2,31.3,73.6,41.45,RIGHT,3.49,36174,36303,130,551.1,31.2,76.9,41.4,LEFT,4.38,35406,35606,201,304.4,31.65,75.4,41.7
13,1,RIGHT,134,36174,36303,130,551.1,31.2,76.9,41.4,LEFT,0.95,36326,36506,181,521.6,31.2,74.6,41.4,LEFT,3.49,35650,36134,485,442.2,31.3,73.6,41.45
13,1,RIGHT,135,36326,36506,181,521.6,31.2,74.6,41.4,RIGHT,2.11,36638,36859,222,587.4,31.3,79.2,41.4,RIGHT,0.95,36174,36303,130,551.1,31.2,76.9,41.4
13,1,RIGHT,136,36638,36859,222,587.4,31.3,79.2,41.4,RIGHT,4.03,36898,37180,283,714.1,31.6,80.9,41.6,LEFT,2.11,36326,36506,181,521.6,31.2,74.6,41.4
13,1,RIGHT,137,36898,37180,283,714.1,31.6,80.9,41.6,RIGHT,3.74,37221,37415,195,833.3,32.15,83.6,42,LEFT,4.03,36638,36859,222,587.4,31.3,79.2,41.4
13,1,RIGHT,138,37221,37415,195,833.3,32.15,83.6,42,LEFT,0.54,37428,37700,273,815.9,32.1,85.4,42,LEFT,3.74,36898,37180,283,714.1,31.6,80.9,41.6
13,1,RIGHT,139,37428,37700,273,815.9,32.1,85.4,42,RIGHT,2.88,37742,37910,169,909.3,32.7,85.1,42.35,RIGHT,0.54,37221,37415,195,833.3,32.15,83.6,42
13,1,RIGHT,140,37742,37910,169,909.3,32.7,85.1,42.35,RIGHT,1.25,37936,38078,143,950.5,33.1,82.5,42.6,LEFT,2.88,37428,37700,273,815.9,32.1,85.4,42
13,1,RIGHT,141,37936,38078,143,950.5,33.1,82.5,42.6,LEFT,26.32,38164,38324,161,80.5,33,93.2,42.6,LEFT,1.25,37742,37910,169,909.3,32.7,85.1,42.35
13,1,RIGHT,142,38164,38324,161,80.5,33,93.2,42.6,LEFT,0.65,38338,38466,129,63.2,33.2,109.5,42.7,RIGHT,26.32,37936,38078,143,950.5,33.1,82.5,42.6
13,1,RIGHT,143,38338,38466,129,63.2,33.2,109.5,42.7,RIGHT,2.39,38504,38635,132,141.8,32.65,112.4,42.3,RIGHT,0.65,38164,38324,161,80.5,33,93.2,42.6
13,1,RIGHT,144,38504,38635,132,141.8,32.65,112.4,42.3,RIGHT,3.41,38676,38825,150,251.9,31.95,110.4,41.85,LEFT,2.39,38338,38466,129,63.2,33.2,109.5,42.7
13,1,RIGHT,145,38676,38825,150,251.9,31.95,110.4,41.85,LEFT,1.43,38859,39006,148,206.2,32.1,108.8,41.95,LEFT,3.41,38504,38635,132,141.8,32.65,112.4,42.3
13,1,RIGHT,146,38859,39006,148,206.2,32.1,108.8,41.95,RIGHT,6.79,39039,39203,165,421.3,31.3,108.7,41.45,RIGHT,1.43,38676,38825,150,251.9,31.95,110.4,41.85
13,1,RIGHT,147,39039,39203,165,421.3,31.3,108.7,41.45,LEFT,1.32,39235,39349,115,380.1,31.4,111.6,41.5,LEFT,6.79,38859,39006,148,206.2,32.1,108.8,41.95
13,1,RIGHT,148,39235,39349,115,380.1,31.4,111.6,41.5,LEFT,6.4,39401,39509,109,176.5,32.25,102,42.05,RIGHT,1.32,39039,39203,165,421.3,31.3,108.7,41.45
13,1,RIGHT,149,39401,39509,109,176.5,32.25,102,42.05,LEFT,2.17,39547,39869,323,106,32.75,103.6,42.4,RIGHT,6.4,39235,39349,115,380.1,31.4,111.6,41.5
13,1,RIGHT,150,39547,39869,323,106,32.75,103.6,42.4,RIGHT,3.37,39912,40158,247,215.4,32.15,107.7,42,RIGHT,2.17,39401,39509,109,176.5,32.25,102,42.05
13,1,RIGHT,151,39912,40158,247,215.4,32.15,107.7,42,RIGHT,4.93,40205,40359,155,371.5,31.45,125.3,41.55,LEFT,3.37,39547,39869,323,106,32.75,103.6,42.4
13,1,RIGHT,152,40205,40359,155,371.5,31.45,125.3,41.55,RIGHT,2.15,40396,40569,174,438.6,31.3,135.3,41.4,LEFT,4.93,39912,40158,247,215.4,32.15,107.7,42
13,1,RIGHT,153,40396,40569,174,438.6,31.3,135.3,41.4,LEFT,0.99,40593,40785,193,407.7,31.4,134.4,41.5,LEFT,2.15,40205,40359,155,371.5,31.45,125.3,41.55
13,1,RIGHT,154,40593,40785,193,407.7,31.4,134.4,41.5,RIGHT,2.65,40825,41069,245,490.5,31.2,137.1,41.4,RIGHT,0.99,40396,40569,174,438.6,31.3,135.3,41.4
13,1,RIGHT,155,40825,41069,245,490.5,31.2,137.1,41.4,LEFT,8.08,41124,41275,152,236.1,31.95,109.8,41.85,LEFT,2.65,40593,40785,193,407.7,31.4,134.4,41.5
13,1,RIGHT,156,41124,41275,152,236.1,31.95,109.8,41.85,LEFT,1.41,41310,41511,202,191,32.2,112.5,42,RIGHT,8.08,40825,41069,245,490.5,31.2,137.1,41.4
13,1,RIGHT,157,41310,41511,202,191,32.2,112.5,42,RIGHT,7.87,41544,41738,195,440.9,31.3,115,41.4,RIGHT,1.41,41124,41275,152,236.1,31.95,109.8,41.85
13,1,RIGHT,158,41544,41738,195,440.9,31.3,115,41.4,LEFT,1.09,41763,41959,197,406.9,31.35,111,41.5,LEFT,7.87,41310,41511,202,191,32.2,112.5,42
13,1,RIGHT,159,41763,41959,197,406.9,31.35,111,41.5,RIGHT,7.16,42581,42850,270,631.3,31.35,119.5,41.5,RIGHT,1.09,41544,41738,195,440.9,31.3,115,41.4
13,1,RIGHT,160,42581,42850,270,631.3,31.35,119.5,41.5,RIGHT,2.14,42883,43087,205,698.6,31.5,122.9,41.6,LEFT,7.16,41763,41959,197,406.9,31.35,111,41.5
13,1,RIGHT,161,42883,43087,205,698.6,31.5,122.9,41.6,RIGHT,1.78,43122,43266,145,754.7,31.75,125.9,41.7,LEFT,2.14,42581,42850,270,631.3,31.35,119.5,41.5
13,1,RIGHT,162,43122,43266,145,754.7,31.75,125.9,41.7,RIGHT,2.46,43302,43662,361,833.3,32.2,128.3,42,LEFT,1.78,42883,43087,205,698.6,31.5,122.9,41.6
13,1,RIGHT,163,43302,43662,361,833.3,32.2,128.3,42,RIGHT,2.33,43699,44089,391,909,32.75,126.5,42.35,LEFT,2.46,43122,43266,145,754.7,31.75,125.9,41.7
13,1,RIGHT,164,43699,44089,391,909,32.75,126.5,42.35,RIGHT,2.06,44129,44269,141,977,33.35,123.7,42.75,LEFT,2.33,43302,43662,361,833.3,32.2,128.3,42
13,1,RIGHT,165,44129,44269,141,977,33.35,123.7,42.75,LEFT,27.25,44365,44495,131,71.7,33.1,133.5,42.6,LEFT,2.06,43699,44089,391,909,32.75,126.5,42.35
13,1,RIGHT,166,44365,44495,131,71.7,33.1,133.5,42.6,LEFT,0.75,44520,44648,129,51.4,33.2,151.6,42.7,RIGHT,27.25,44129,44269,141,977,33.35,123.7,42.75
13,1,RIGHT,167,44520,44648,129,51.4,33.2,151.6,42.7,RIGHT,3.73,44700,45017,318,173.5,32.3,154,42.1,RIGHT,0.75,44365,44495,131,71.7,33.1,133.5,42.6
13,1,RIGHT,168,44700,45017,318,173.5,32.3,154,42.1,RIGHT,3.73,45056,45267,212,293,31.75,153.6,41.7,LEFT,3.73,44520,44648,129,51.4,33.2,151.6,42.7
13,1,RIGHT,169,45056,45267,212,293,31.75,153.6,41.7,RIGHT,3.36,45309,45500,192,398.1,31.4,172.5,41.5,LEFT,3.73,44700,45017,318,173.5,32.3,154,42.1
13,1,RIGHT,170,45309,45500,192,398.1,31.4,172.5,41.5,LEFT,0.81,45526,45701,176,372.6,31.4,173.5,41.5,LEFT,3.36,45056,45267,212,293,31.75,153.6,41.7
13,1,RIGHT,171,45526,45701,176,372.6,31.4,173.5,41.5,RIGHT,2.76,45744,45884,141,459.2,31.3,175.1,41.4,RIGHT,0.81,45309,45500,192,398.1,31.4,172.5,41.5
13,1,RIGHT,172,45744,45884,141,459.2,31.3,175.1,41.4,RIGHT,2.34,45924,46221,298,532.2,31.2,183.4,41.4,LEFT,2.76,45526,45701,176,372.6,31.4,173.5,41.5
13,1,RIGHT,173,45924,46221,298,532.2,31.2,183.4,41.4,RIGHT,3.08,46260,46503,244,628.5,31.3,179.2,41.45,LEFT,2.34,45744,45884,141,459.2,31.3,175.1,41.4
13,1,RIGHT,174,46260,46503,244,628.5,31.3,179.2,41.45,RIGHT,3.72,46544,46851,308,745.2,31.7,164.7,41.7,LEFT,3.08,45924,46221,298,532.2,31.2,183.4,41.4
13,1,RIGHT,175,46544,46851,308,745.2,31.7,164.7,41.7,RIGHT,3.59,46882,47074,193,860.2,32.4,163.1,42.1,LEFT,3.72,46260,46503,244,628.5,31.3,179.2,41.45
13,1,RIGHT,176,46882,47074,193,860.2,32.4,163.1,42.1,LEFT,0.73,47091,47246,156,836.5,32.2,164.5,42,LEFT,3.59,46544,46851,308,745.2,31.7,164.7,41.7
13,1,RIGHT,177,47091,47246,156,836.5,32.2,164.5,42,LEFT,22.42,47333,47448,116,108.5,32.75,179.8,42.4,RIGHT,0.73,46882,47074,193,860.2,32.4,163.1,42.1
13,1,RIGHT,178,47333,47448,116,108.5,32.75,179.8,42.4,LEFT,1.28,47482,47640,159,67.3,33.05,191.2,42.6,RIGHT,22.42,47091,47246,156,836.5,32.2,164.5,42
13,1,RIGHT,179,47482,47640,159,67.3,33.05,191.2,42.6,RIGHT,2.21,47678,47835,158,140,32.65,193.4,42.3,RIGHT,1.28,47333,47448,116,108.5,32.75,179.8,42.4
13,1,RIGHT,180,47678,47835,158,140,32.65,193.4,42.3,LEFT,0.59,47857,47933,77,121.1,32.7,197.9,42.4,LEFT,2.21,47482,47640,159,67.3,33.05,191.2,42.6
13,1,RIGHT,181,47857,47933,77,121.1,32.7,197.9,42.4,.,0.41,47953,48208,256,107.7,32.8,199.6,42.4,RIGHT,0.59,47678,47835,158,140,32.65,193.4,42.3
13,1,RIGHT,182,47953,48208,256,107.7,32.8,199.6,42.4,RIGHT,0.54,48230,48346,117,125.5,32.7,200.1,42.4,.,0.41,47857,47933,77,121.1,32.7,197.9,42.4
13,1,RIGHT,183,48230,48346,117,125.5,32.7,200.1,42.4,RIGHT,2.24,48384,48707,324,198.2,32.25,198.9,42.05,LEFT,0.54,47953,48208,256,107.7,32.8,199.6,42.4
13,1,RIGHT,184,48384,48707,324,198.2,32.25,198.9,42.05,RIGHT,2.51,48745,48999,255,278.1,31.8,209.9,41.8,LEFT,2.24,48230,48346,117,125.5,32.7,200.1,42.4
13,1,RIGHT,185,48745,48999,255,278.1,31.8,209.9,41.8,RIGHT,2.19,49033,49200,168,347.1,31.55,219.9,41.6,LEFT,2.51,48384,48707,324,198.2,32.25,198.9,42.05
13,1,RIGHT,186,49033,49200,168,347.1,31.55,219.9,41.6,RIGHT,1.98,49236,49346,111,409.3,31.4,226.8,41.5,LEFT,2.19,48745,48999,255,278.1,31.8,209.9,41.8
13,1,RIGHT,187,49236,49346,111,409.3,31.4,226.8,41.5,RIGHT,2.39,49382,49510,129,484,31.3,234.7,41.4,LEFT,1.98,49033,49200,168,347.1,31.55,219.9,41.6
13,1,RIGHT,188,49382,49510,129,484,31.3,234.7,41.4,LEFT,1.46,49541,49664,124,438.7,31.3,225.6,41.5,LEFT,2.39,49236,49346,111,409.3,31.4,226.8,41.5
13,1,RIGHT,189,49541,49664,124,438.7,31.3,225.6,41.5,LEFT,2.34,49700,49860,161,366,31.45,210.7,41.55,RIGHT,1.46,49382,49510,129,484,31.3,234.7,41.4
13,1,RIGHT,190,49700,49860,161,366,31.45,210.7,41.55,LEFT,1.62,49885,50025,141,315.1,31.6,204.2,41.7,RIGHT,2.34,49541,49664,124,438.7,31.3,225.6,41.5
13,1,RIGHT,191,49885,50025,141,315.1,31.6,204.2,41.7,RIGHT,3.32,50062,50222,161,419,31.35,219.5,41.5,RIGHT,1.62,49700,49860,161,366,31.45,210.7,41.55
13,1,RIGHT,192,50062,50222,161,419,31.35,219.5,41.5,RIGHT,3.36,50262,50494,233,523.5,31.2,233.2,41.4,LEFT,3.32,49885,50025,141,315.1,31.6,204.2,41.7
13,1,RIGHT,193,50262,50494,233,523.5,31.2,233.2,41.4,RIGHT,2.98,50534,50741,208,616.5,31.3,229,41.5,LEFT,3.36,50062,50222,161,419,31.35,219.5,41.5
13,1,RIGHT,194,50534,50741,208,616.5,31.3,229,41.5,RIGHT,3.99,50772,50927,156,742.2,31.75,224.4,41.8,LEFT,2.98,50262,50494,233,523.5,31.2,233.2,41.4
13,1,RIGHT,195,50772,50927,156,742.2,31.75,224.4,41.8,LEFT,1.14,50952,51144,193,706.2,31.6,228.3,41.7,LEFT,3.99,50534,50741,208,616.5,31.3,229,41.5
13,1,RIGHT,196,50952,51144,193,706.2,31.6,228.3,41.7,RIGHT,2.97,51180,51478,299,800.4,32.05,215.9,41.95,RIGHT,1.14,50772,50927,156,742.2,31.75,224.4,41.8
13,1,RIGHT,197,51180,51478,299,800.4,32.05,215.9,41.95,LEFT,2.22,51504,51660,157,729.8,31.7,214.4,41.7,LEFT,2.97,50952,51144,193,706.2,31.6,228.3,41.7
13,1,RIGHT,198,51504,51660,157,729.8,31.7,214.4,41.7,LEFT,1.61,51684,51829,146,678.9,31.5,216.3,41.6,RIGHT,2.22,51180,51478,299,800.4,32.05,215.9,41.95
13,1,RIGHT,199,51684,51829,146,678.9,31.5,216.3,41.6,LEFT,0.85,51847,52029,183,652.2,31.4,220.3,41.5,RIGHT,1.61,51504,51660,157,729.8,31.7,214.4,41.7
13,1,RIGHT,200,51847,52029,183,652.2,31.4,220.3,41.5,RIGHT,2.89,52068,52219,152,743.3,31.75,213.4,41.75,RIGHT,0.85,51684,51829,146,678.9,31.5,216.3,41.6
13,1,RIGHT,201,52068,52219,152,743.3,31.75,213.4,41.75,RIGHT,1.73,52254,52420,167,797.9,32,203.3,41.9,LEFT,2.89,51847,52029,183,652.2,31.4,220.3,41.5
13,1,RIGHT,202,52254,52420,167,797.9,32,203.3,41.9,RIGHT,3.45,52457,52637,181,909.5,32.75,197.5,42.35,LEFT,1.73,52068,52219,152,743.3,31.75,213.4,41.75
13,1,RIGHT,203,52457,52637,181,909.5,32.75,197.5,42.35,RIGHT,1.74,52671,53023,353,966.8,33.25,201.1,42.7,LEFT,3.45,52254,52420,167,797.9,32,203.3,41.9
13,1,RIGHT,204,52671,53023,353,966.8,33.25,201.1,42.7,LEFT,26.31,53122,53215,94,97.2,32.85,218.4,42.5,LEFT,1.74,52457,52637,181,909.5,32.75,197.5,42.35
13,1,RIGHT,205,53122,53215,94,97.2,32.85,218.4,42.5,LEFT,1.75,53251,53376,126,42.9,33.35,244.1,42.8,RIGHT,26.31,52671,53023,353,966.8,33.25,201.1,42.7
13,1,RIGHT,206,53251,53376,126,42.9,33.35,244.1,42.8,RIGHT,3.95,53427,53560,134,172.5,32.4,254.5,42.2,RIGHT,1.75,53122,53215,94,97.2,32.85,218.4,42.5
13,1,RIGHT,207,53427,53560,134,172.5,32.4,254.5,42.2,LEFT,1.32,53595,53731,137,130.9,32.6,241.6,42.35,LEFT,3.95,53251,53376,126,42.9,33.35,244.1,42.8
13,1,RIGHT,208,53595,53731,137,130.9,32.6,241.6,42.35,RIGHT,3.69,53770,54072,303,249.6,31.95,255.5,41.95,RIGHT,1.32,53427,53560,134,172.5,32.4,254.5,42.2
13,1,RIGHT,209,53770,54072,303,249.6,31.95,255.5,41.95,RIGHT,3.7,54110,54279,170,366.6,31.5,267.4,41.65,LEFT,3.69,53595,53731,137,130.9,32.6,241.6,42.35
13,1,RIGHT,210,54110,54279,170,366.6,31.5,267.4,41.65,LEFT,3.12,54310,54377,68,268.1,31.9,255.5,41.9,LEFT,3.7,53770,54072,303,249.6,31.95,255.5,41.95
13,1,RIGHT,211,54310,54377,68,268.1,31.9,255.5,41.9,LEFT,1.92,54415,54629,215,206.7,32.15,250.4,42.05,RIGHT,3.12,54110,54279,170,366.6,31.5,267.4,41.65
13,1,RIGHT,212,54415,54629,215,206.7,32.15,250.4,42.05,RIGHT,2.24,54665,54775,111,277.8,31.85,262.8,41.9,RIGHT,1.92,54310,54377,68,268.1,31.9,255.5,41.9
13,1,RIGHT,213,54665,54775,111,277.8,31.85,262.8,41.9,RIGHT,3.41,54815,55071,257,385.4,31.5,275.4,41.6,LEFT,2.24,54415,54629,215,206.7,32.15,250.4,42.05
13,1,RIGHT,214,54815,55071,257,385.4,31.5,275.4,41.6,RIGHT,3.6,55102,55287,186,498.2,31.3,281.4,41.5,LEFT,3.41,54665,54775,111,277.8,31.85,262.8,41.9
13,1,RIGHT,215,55102,55287,186,498.2,31.3,281.4,41.5,RIGHT,3.61,55328,55515,188,611.2,31.35,281.4,41.55,LEFT,3.6,54815,55071,257,385.4,31.5,275.4,41.6
13,1,RIGHT,216,55328,55515,188,611.2,31.35,281.4,41.55,LEFT,1.18,55540,55622,83,574.3,31.3,280.8,41.5,LEFT,3.61,55102,55287,186,498.2,31.3,281.4,41.5
13,1,RIGHT,217,55540,55622,83,574.3,31.3,280.8,41.5,LEFT,2.99,55662,55883,222,480.7,31.3,276.3,41.5,RIGHT,1.18,55328,55515,188,611.2,31.35,281.4,41.55
13,1,RIGHT,218,55662,55883,222,480.7,31.3,276.3,41.5,RIGHT,5.13,55928,56126,199,641.6,31.4,281,41.6,RIGHT,2.99,55540,55622,83,574.3,31.3,280.8,41.5
13,1,RIGHT,219,55928,56126,199,641.6,31.4,281,41.6,LEFT,0.83,56148,56537,390,615.7,31.4,282.8,41.6,LEFT,5.13,55662,55883,222,480.7,31.3,276.3,41.5
13,1,RIGHT,220,56148,56537,390,615.7,31.4,282.8,41.6,LEFT,0.74,56552,56778,227,592.6,31.3,282.9,41.6,RIGHT,0.83,55928,56126,199,641.6,31.4,281,41.6
13,1,RIGHT,221,56552,56778,227,592.6,31.3,282.9,41.6,RIGHT,4.54,56810,57023,214,728.4,31.7,224,41.7,RIGHT,0.74,56148,56537,390,615.7,31.4,282.8,41.6
13,1,RIGHT,222,56810,57023,214,728.4,31.7,224,41.7,LEFT,1.45,57106,57279,174,683.5,31.5,213,41.6,LEFT,4.54,56552,56778,227,592.6,31.3,282.9,41.6
13,1,RIGHT,223,57106,57279,174,683.5,31.5,213,41.6,LEFT,0.88,57302,57435,134,656,31.4,215.7,41.5,RIGHT,1.45,56810,57023,214,728.4,31.7,224,41.7
13,1,RIGHT,224,57302,57435,134,656,31.4,215.7,41.5,RIGHT,3.62,57474,57652,179,770.2,31.85,204.8,41.8,RIGHT,0.88,57106,57279,174,683.5,31.5,213,41.6
13,1,RIGHT,225,57474,57652,179,770.2,31.85,204.8,41.8,RIGHT,4.42,57682,57880,199,912.8,32.75,198.5,42.4,LEFT,3.62,57302,57435,134,656,31.4,215.7,41.5
13,1,RIGHT,226,57682,57880,199,912.8,32.75,198.5,42.4,RIGHT,1.73,57914,58052,139,969.8,33.25,199.9,42.7,LEFT,4.42,57474,57652,179,770.2,31.85,204.8,41.8
13,1,RIGHT,227,57914,58052,139,969.8,33.25,199.9,42.7,LEFT,27.35,58151,58318,168,61.9,33.15,228.1,42.65,LEFT,1.73,57682,57880,199,912.8,32.75,198.5,42.4
13,1,RIGHT,228,58151,58318,168,61.9,33.15,228.1,42.65,RIGHT,2.51,58355,58540,186,143.8,32.55,239.1,42.35,RIGHT,27.35,57914,58052,139,969.8,33.25,199.9,42.7
13,1,RIGHT,229,58355,58540,186,143.8,32.55,239.1,42.35,RIGHT,4.56,58576,58737,162,289.6,31.8,259.7,41.8,LEFT,2.51,58151,58318,168,61.9,33.15,228.1,42.65
13,1,RIGHT,230,58576,58737,162,289.6,31.8,259.7,41.8,RIGHT,2.47,58775,58942,168,367.5,31.5,268.9,41.65,LEFT,4.56,58355,58540,186,143.8,32.55,239.1,42.35
13,1,RIGHT,231,58775,58942,168,367.5,31.5,268.9,41.65,LEFT,1.07,58968,59113,146,333.9,31.6,266.7,41.7,LEFT,2.47,58576,58737,162,289.6,31.8,259.7,41.8
13,1,RIGHT,232,58968,59113,146,333.9,31.6,266.7,41.7,LEFT,7.24,59163,59276,114,102.3,32.8,232.8,42.5,RIGHT,1.07,58775,58942,168,367.5,31.5,268.9,41.65
13,1,RIGHT,233,59163,59276,114,102.3,32.8,232.8,42.5,LEFT,1.98,59303,59634,332,36.7,33.4,237.3,42.9,RIGHT,7.24,58968,59113,146,333.9,31.6,266.7,41.7
13,1,RIGHT,234,59303,59634,332,36.7,33.4,237.3,42.9,RIGHT,4.02,59681,59902,222,168.5,32.45,252.4,42.25,RIGHT,1.98,59163,59276,114,102.3,32.8,232.8,42.5
13,1,RIGHT,235,59681,59902,222,168.5,32.45,252.4,42.25,RIGHT,3.17,59939,60101,163,269.6,31.9,269.7,41.9,LEFT,4.02,59303,59634,332,36.7,33.4,237.3,42.9
13,1,RIGHT,236,59939,60101,163,269.6,31.9,269.7,41.9,RIGHT,3.27,60141,60462,322,373.2,31.5,276.1,41.65,LEFT,3.17,59681,59902,222,168.5,32.45,252.4,42.25
13,1,RIGHT,237,60141,60462,322,373.2,31.5,276.1,41.65,RIGHT,4.42,60503,60589,87,511.8,31.3,288.4,41.5,LEFT,3.27,59939,60101,163,269.6,31.9,269.7,41.9
13,1,RIGHT,238,60503,60589,87,511.8,31.3,288.4,41.5,LEFT,7.51,60645,60787,143,275.6,31.8,266.3,41.85,LEFT,4.42,60141,60462,322,373.2,31.5,276.1,41.65
13,1,RIGHT,239,60645,60787,143,275.6,31.8,266.3,41.85,LEFT,1.64,60814,60962,149,223.4,32.1,261.8,42,RIGHT,7.51,60503,60589,87,511.8,31.3,288.4,41.5
13,1,RIGHT,240,60814,60962,149,223.4,32.1,261.8,42,RIGHT,4.19,60993,61154,162,356.3,31.5,275.1,41.7,RIGHT,1.64,60645,60787,143,275.6,31.8,266.3,41.85
13,1,RIGHT,241,60993,61154,162,356.3,31.5,275.1,41.7,LEFT,1.15,61180,61367,188,320.1,31.65,272.7,41.8,LEFT,4.19,60814,60962,149,223.4,32.1,261.8,42
13,1,RIGHT,242,61180,61367,188,320.1,31.65,272.7,41.8,RIGHT,1.41,61407,61530,124,362.2,31.55,292.1,41.7,RIGHT,1.15,60993,61154,162,356.3,31.5,275.1,41.7
13,1,RIGHT,243,61407,61530,124,362.2,31.55,292.1,41.7,RIGHT,2.98,61702,61871,170,455.8,31.3,287.2,41.55,LEFT,1.41,61180,61367,188,320.1,31.65,272.7,41.8
13,1,RIGHT,244,61702,61871,170,455.8,31.3,287.2,41.55,RIGHT,2.25,61908,62052,145,526.1,31.3,284.6,41.5,LEFT,2.98,61407,61530,124,362.2,31.55,292.1,41.7
13,1,RIGHT,245,61908,62052,145,526.1,31.3,284.6,41.5,RIGHT,3.66,62091,62281,191,640.7,31.4,276.4,41.6,LEFT,2.25,61702,61871,170,455.8,31.3,287.2,41.55
13,1,RIGHT,246,62091,62281,191,640.7,31.4,276.4,41.6,RIGHT,4.35,62319,62451,133,777.6,31.95,256.4,41.9,LEFT,3.66,61908,62052,145,526.1,31.3,284.6,41.5
13,1,RIGHT,247,62319,62451,133,777.6,31.95,256.4,41.9,LEFT,1.3,62477,62625,149,736.4,31.7,253.3,41.8,LEFT,4.35,62091,62281,191,640.7,31.4,276.4,41.6
13,1,RIGHT,248,62477,62625,149,736.4,31.7,253.3,41.8,RIGHT,4.28,62664,62857,194,873.6,32.45,242.8,42.25,RIGHT,1.3,62319,62451,133,777.6,31.95,256.4,41.9
13,1,RIGHT,249,62664,62857,194,873.6,32.45,242.8,42.25,RIGHT,1.56,62882,62984,103,924.5,32.95,243.9,42.55,LEFT,4.28,62477,62625,149,736.4,31.7,253.3,41.8
13,1,RIGHT,250,62882,62984,103,924.5,32.95,243.9,42.55,RIGHT,2.07,63018,63171,154,993.4,33.5,245.4,42.9,LEFT,1.56,62664,62857,194,873.6,32.45,242.8,42.25
13,1,RIGHT,251,63018,63171,154,993.4,33.5,245.4,42.9,LEFT,27.66,63269,63393,125,73.6,33.05,282.4,42.7,LEFT,2.07,62882,62984,103,924.5,32.95,243.9,42.55
13,1,RIGHT,252,63269,63393,125,73.6,33.05,282.4,42.7,LEFT,0.88,63423,63569,147,45,33.3,290.6,42.9,RIGHT,27.66,63018,63171,154,993.4,33.5,245.4,42.9
13,1,RIGHT,253,63423,63569,147,45,33.3,290.6,42.9,RIGHT,3.2,63608,63760,153,150.5,32.65,293,42.45,RIGHT,0.88,63269,63393,125,73.6,33.05,282.4,42.7
13,1,RIGHT,254,63608,63760,153,150.5,32.65,293,42.45,RIGHT,2.47,63797,63938,142,229.1,32.15,311.7,42.15,LEFT,3.2,63423,63569,147,45,33.3,290.6,42.9
13,1,RIGHT,255,63797,63938,142,229.1,32.15,311.7,42.15,RIGHT,2.03,63974,64194,221,293.7,31.85,319.2,41.95,LEFT,2.47,63608,63760,153,150.5,32.65,293,42.45
13,1,RIGHT,256,63974,64194,221,293.7,31.85,319.2,41.95,.,0.49,64213,64414,202,278.1,31.9,321.8,42,LEFT,2.03,63797,63938,142,229.1,32.15,311.7,42.15
13,1,RIGHT,257,64213,64414,202,278.1,31.9,321.8,42,RIGHT,2.23,64452,64572,121,348.7,31.6,327.5,41.8,.,0.49,63974,64194,221,293.7,31.85,319.2,41.95
13,1,RIGHT,258,64452,64572,121,348.7,31.6,327.5,41.8,RIGHT,2.71,64606,64742,137,433.9,31.4,332.8,41.7,LEFT,2.23,64213,64414,202,278.1,31.9,321.8,42
13,1,RIGHT,259,64606,64742,137,433.9,31.4,332.8,41.7,RIGHT,2.98,64781,64911,131,527.2,31.3,340.8,41.6,LEFT,2.71,64452,64572,121,348.7,31.6,327.5,41.8
13,1,RIGHT,260,64781,64911,131,527.2,31.3,340.8,41.6,RIGHT,2.77,64947,65138,192,614,31.4,336.3,41.7,LEFT,2.98,64606,64742,137,433.9,31.4,332.8,41.7
13,1,RIGHT,261,64947,65138,192,614,31.4,336.3,41.7,RIGHT,3.6,65181,65319,139,727.6,31.75,327.9,41.9,LEFT,2.77,64781,64911,131,527.2,31.3,340.8,41.6
13,1,RIGHT,262,65181,65319,139,727.6,31.75,327.9,41.9,RIGHT,2.22,65353,65490,138,798.4,32.15,328.7,42.15,LEFT,3.6,64947,65138,192,614,31.4,336.3,41.7
13,1,RIGHT,263,65353,65490,138,798.4,32.15,328.7,42.15,RIGHT,2.64,65528,65904,377,883.3,32.5,315.9,42.4,LEFT,2.22,65181,65319,139,727.6,31.75,327.9,41.9
13,1,RIGHT,264,65528,65904,377,883.3,32.5,315.9,42.4,RIGHT,2.31,65944,66059,116,959,33.25,308.6,42.85,LEFT,2.64,65353,65490,138,798.4,32.15,328.7,42.15
13,1,RIGHT,265,65944,66059,116,959,33.25,308.6,42.85,LEFT,26.18,66157,66417,261,93.3,32.95,356.1,42.8,LEFT,2.31,65528,65904,377,883.3,32.5,315.9,42.4
13,1,RIGHT,266,66157,66417,261,93.3,32.95,356.1,42.8,RIGHT,3.29,66457,66601,145,199.9,32.45,373.9,42.45,RIGHT,26.18,65944,66059,116,959,33.25,308.6,42.85
13,1,RIGHT,267,66457,66601,145,199.9,32.45,373.9,42.45,RIGHT,1.71,66637,66815,179,255.2,32.1,376.4,42.25,LEFT,3.29,66157,66417,261,93.3,32.95,356.1,42.8
13,1,RIGHT,268,66637,66815,179,255.2,32.1,376.4,42.25,RIGHT,3.9,66856,67037,182,379.3,31.6,378.4,41.9,LEFT,1.71,66457,66601,145,199.9,32.45,373.9,42.45
13,1,RIGHT,269,66856,67037,182,379.3,31.6,378.4,41.9,.,0.35,67056,67192,137,368.1,31.6,379.1,41.9,LEFT,3.9,66637,66815,179,255.2,32.1,376.4,42.25
13,1,RIGHT,270,67056,67192,137,368.1,31.6,379.1,41.9,LEFT,1.6,67217,67299,83,317.4,31.8,377.3,42.05,.,0.35,66856,67037,182,379.3,31.6,378.4,41.9
13,1,RIGHT,271,67217,67299,83,317.4,31.8,377.3,42.05,RIGHT,7.02,67333,67544,212,539.2,31.4,382.7,41.8,RIGHT,1.6,67056,67192,137,368.1,31.6,379.1,41.9
13,1,RIGHT,272,67333,67544,212,539.2,31.4,382.7,41.8,LEFT,0.7,67561,67633,73,517.5,31.4,385.8,41.8,LEFT,7.02,67217,67299,83,317.4,31.8,377.3,42.05
13,1,RIGHT,273,67561,67633,73,517.5,31.4,385.8,41.8,.,0.44,67643,67711,69,503.9,31.4,387.6,41.8,RIGHT,0.7,67333,67544,212,539.2,31.4,382.7,41.8
13,1,RIGHT,274,67643,67711,69,503.9,31.4,387.6,41.8,RIGHT,4.61,67754,68068,315,648.9,31.55,382.6,41.9,.,0.44,67561,67633,73,517.5,31.4,385.8,41.8
13,1,RIGHT,275,67754,68068,315,648.9,31.55,382.6,41.9,RIGHT,4.29,68113,68265,153,785.5,32.1,376.8,42.25,LEFT,4.61,67643,67711,69,503.9,31.4,387.6,41.8
13,1,RIGHT,276,68113,68265,153,785.5,32.1,376.8,42.25,LEFT,0.56,68281,68435,155,768.2,32,383.1,42.2,LEFT,4.29,67754,68068,315,648.9,31.55,382.6,41.9
13,1,RIGHT,277,68281,68435,155,768.2,32,383.1,42.2,RIGHT,2.23,68472,68806,335,839.7,32.4,373.9,42.45,RIGHT,0.56,68113,68265,153,785.5,32.1,376.8,42.25
13,1,RIGHT,278,68472,68806,335,839.7,32.4,373.9,42.45,RIGHT,3.16,68847,69035,189,943,33.15,367.7,42.9,LEFT,2.23,68281,68435,155,768.2,32,383.1,42.2
13,1,RIGHT,279,68847,69035,189,943,33.15,367.7,42.9,LEFT,1.23,69056,69108,53,902.3,32.85,369.7,42.7,LEFT,3.16,68472,68806,335,839.7,32.4,373.9,42.45
13,1,RIGHT,280,69056,69108,53,902.3,32.85,369.7,42.7,LEFT,3.44,69150,69303,154,790.5,32.15,375.1,42.3,RIGHT,1.23,68847,69035,189,943,33.15,367.7,42.9
13,1,RIGHT,281,69150,69303,154,790.5,32.15,375.1,42.3,RIGHT,1.3,69337,69465,129,832.3,32.35,380.2,42.45,RIGHT,3.44,69056,69108,53,902.3,32.85,369.7,42.7
13,1,RIGHT,282,69337,69465,129,832.3,32.35,380.2,42.45,RIGHT,3.07,69504,69734,231,932.8,33.05,378,42.85,LEFT,1.3,69150,69303,154,790.5,32.15,375.1,42.3
13,1,RIGHT,283,69504,69734,231,932.8,33.05,378,42.85,LEFT,24.36,69829,69908,80,130.4,32.85,411.5,42.85,LEFT,3.07,69337,69465,129,832.3,32.35,380.2,42.45
13,1,RIGHT,284,69829,69908,80,130.4,32.85,411.5,42.85,LEFT,2.14,69945,70083,139,60.3,33.4,424.9,43.25,RIGHT,24.36,69504,69734,231,932.8,33.05,378,42.85
13,1,RIGHT,285,69945,70083,139,60.3,33.4,424.9,43.25,RIGHT,3.01,70122,70262,141,159.8,32.75,425.5,42.8,RIGHT,2.14,69829,69908,80,130.4,32.85,411.5,42.85
13,1,RIGHT,286,70122,70262,141,159.8,32.75,425.5,42.8,RIGHT,1.88,70299,70567,269,221.1,32.35,427.6,42.55,LEFT,3.01,69945,70083,139,60.3,33.4,424.9,43.25
13,1,RIGHT,287,70299,70567,269,221.1,32.35,427.6,42.55,RIGHT,2.6,70605,70765,161,304.7,31.95,428,42.3,LEFT,1.88,70122,70262,141,159.8,32.75,425.5,42.8
13,1,RIGHT,288,70605,70765,161,304.7,31.95,428,42.3,RIGHT,2.24,70802,71143,342,376,31.65,424.7,42.1,LEFT,2.6,70299,70567,269,221.1,32.35,427.6,42.55
13,1,RIGHT,289,70802,71143,342,376,31.65,424.7,42.1,LEFT,1.97,71168,71359,192,313.3,31.9,427.7,42.25,LEFT,2.24,70605,70765,161,304.7,31.95,428,42.3
13,1,RIGHT,290,71168,71359,192,313.3,31.9,427.7,42.25,LEFT,0.98,71383,71481,99,281.9,32,428.3,42.3,RIGHT,1.97,70802,71143,342,376,31.65,424.7,42.1
13,1,RIGHT,291,71383,71481,99,281.9,32,428.3,42.3,RIGHT,3.73,71522,71681,160,400.4,31.6,427.4,42.1,RIGHT,0.98,71168,71359,192,313.3,31.9,427.7,42.25
13,1,RIGHT,292,71522,71681,160,400.4,31.6,427.4,42.1,RIGHT,1.81,71718,72080,363,457.4,31.5,425.9,42,LEFT,3.73,71383,71481,99,281.9,32,428.3,42.3
13,1,RIGHT,293,71718,72080,363,457.4,31.5,425.9,42,RIGHT,1.85,72116,72267,152,515.7,31.45,423.1,42,LEFT,1.81,71522,71681,160,400.4,31.6,427.4,42.1
13,1,RIGHT,294,72116,72267,152,515.7,31.45,423.1,42,RIGHT,2.01,72304,72612,309,578.9,31.5,423.3,42,LEFT,1.85,71718,72080,363,457.4,31.5,425.9,42
13,1,RIGHT,295,72304,72612,309,578.9,31.5,423.3,42,RIGHT,2.36,72648,72853,206,653.5,31.65,419,42.1,LEFT,2.01,72116,72267,152,515.7,31.45,423.1,42
13,1,RIGHT,296,72648,72853,206,653.5,31.65,419,42.1,RIGHT,2.17,72889,73047,159,722.5,31.9,422.6,42.25,LEFT,2.36,72304,72612,309,578.9,31.5,423.3,42
13,1,RIGHT,297,72889,73047,159,722.5,31.9,422.6,42.25,RIGHT,2.59,73084,73293,210,805.6,32.25,425.5,42.5,LEFT,2.17,72648,72853,206,653.5,31.65,419,42.1
13,1,RIGHT,298,73084,73293,210,805.6,32.25,425.5,42.5,RIGHT,2.7,73318,73629,312,893.6,32.9,429.2,42.9,LEFT,2.59,72889,73047,159,722.5,31.9,422.6,42.25
13,1,RIGHT,299,73318,73629,312,893.6,32.9,429.2,42.9,LEFT,2.22,73654,73947,294,821,32.4,432.2,42.6,LEFT,2.7,73084,73293,210,805.6,32.25,425.5,42.5
13,1,RIGHT,300,73654,73947,294,821,32.4,432.2,42.6,RIGHT,2.99,73977,74176,200,919,33.15,433.2,43.1,RIGHT,2.22,73318,73629,312,893.6,32.9,429.2,42.9
13,1,RIGHT,301,73977,74176,200,919,33.15,433.2,43.1,.,0.41,74185,74281,97,905.7,33,431.1,43,LEFT,2.99,73654,73947,294,821,32.4,432.2,42.6
13,1,RIGHT,302,74185,74281,97,905.7,33,431.1,43,RIGHT,1.54,74316,74390,75,956.7,33.35,428.9,43.25,.,0.41,73977,74176,200,919,33.15,433.2,43.1
13,1,RIGHT,303,74316,74390,75,956.7,33.35,428.9,43.25,LEFT,25.32,74495,74590,96,115.9,33.1,462.3,43.1,LEFT,1.54,74185,74281,97,905.7,33,431.1,43
13,1,RIGHT,304,74495,74590,96,115.9,33.1,462.3,43.1,LEFT,1.85,74624,74890,267,54.5,33.45,469,43.4,RIGHT,25.32,74316,74390,75,956.7,33.35,428.9,43.25
13,1,RIGHT,305,74624,74890,267,54.5,33.45,469,43.4,RIGHT,2.6,74917,75082,166,134.3,32.8,426.6,42.85,RIGHT,1.85,74495,74590,96,115.9,33.1,462.3,43.1
13,1,RIGHT,306,74917,75082,166,134.3,32.8,426.6,42.85,RIGHT,3.83,75123,75303,181,258.7,32.15,426,42.4,LEFT,2.6,74624,74890,267,54.5,33.45,469,43.4
13,1,RIGHT,307,75123,75303,181,258.7,32.15,426,42.4,LEFT,6.02,75363,75557,195,62.9,33.5,460.4,43.4,LEFT,3.83,74917,75082,166,134.3,32.8,426.6,42.85
13,1,RIGHT,308,75363,75557,195,62.9,33.5,460.4,43.4,RIGHT,2.13,75592,75849,258,132.1,33,480.1,43.15,RIGHT,6.02,75123,75303,181,258.7,32.15,426,42.4
13,1,RIGHT,309,75592,75849,258,132.1,33,480.1,43.15,RIGHT,2.53,75888,76079,192,215,32.45,479.1,42.8,LEFT,2.13,75363,75557,195,62.9,33.5,460.4,43.4
13,1,RIGHT,310,75888,76079,192,215,32.45,479.1,42.8,RIGHT,3.1,76117,76305,189,314.8,31.95,482.5,42.5,LEFT,2.53,75592,75849,258,132.1,33,480.1,43.15
13,1,RIGHT,311,76117,76305,189,314.8,31.95,482.5,42.5,LEFT,0.63,76325,76445,121,294.6,32,480.4,42.5,LEFT,3.1,75888,76079,192,215,32.45,479.1,42.8
13,1,RIGHT,312,76325,76445,121,294.6,32,480.4,42.5,RIGHT,2.39,76482,76622,141,370.7,31.75,482.4,42.4,RIGHT,0.63,76117,76305,189,314.8,31.95,482.5,42.5
13,1,RIGHT,313,76482,76622,141,370.7,31.75,482.4,42.4,RIGHT,2.92,76657,76914,258,463.2,31.6,483.1,42.2,LEFT,2.39,76325,76445,121,294.6,32,480.4,42.5
13,1,RIGHT,314,76657,76914,258,463.2,31.6,483.1,42.2,RIGHT,1.87,76939,77254,316,522.1,31.5,484.5,42.2,LEFT,2.92,76482,76622,141,370.7,31.75,482.4,42.4
13,1,RIGHT,315,76939,77254,316,522.1,31.5,484.5,42.2,LEFT,1.22,77336,77391,56,483.8,31.55,481.2,42.2,LEFT,1.87,76657,76914,258,463.2,31.6,483.1,42.2
13,1,RIGHT,316,77336,77391,56,483.8,31.55,481.2,42.2,RIGHT,5.87,77437,77819,383,669.8,31.8,481.3,42.4,RIGHT,1.22,76939,77254,316,522.1,31.5,484.5,42.2
13,1,RIGHT,317,77437,77819,383,669.8,31.8,481.3,42.4,RIGHT,2.27,77844,78006,163,742.4,32.1,484.2,42.6,LEFT,5.87,77336,77391,56,483.8,31.55,481.2,42.2
13,1,RIGHT,318,77844,78006,163,742.4,32.1,484.2,42.6,RIGHT,3.01,78041,78186,146,839.6,32.55,475.8,42.9,LEFT,2.27,77437,77819,383,669.8,31.8,481.3,42.4
13,1,RIGHT,319,78041,78186,146,839.6,32.55,475.8,42.9,RIGHT,1.91,78221,78532,312,902,33,472.4,43.15,LEFT,3.01,77844,78006,163,742.4,32.1,484.2,42.6
13,1,RIGHT,320,78221,78532,312,902,33,472.4,43.15,LEFT,23.07,78620,78716,97,142.9,32.85,502.6,43.15,LEFT,1.91,78041,78186,146,839.6,32.55,475.8,42.9
13,1,RIGHT,321,78620,78716,97,142.9,32.85,502.6,43.15,LEFT,2.41,78744,79069,326,64.3,33.55,523,43.7,RIGHT,23.07,78221,78532,312,902,33,472.4,43.15
13,1,RIGHT,322,78744,79069,326,64.3,33.55,523,43.7,RIGHT,1.59,79103,79354,252,117.3,33.25,526.7,43.45,RIGHT,2.41,78620,78716,97,142.9,32.85,502.6,43.15
13,1,RIGHT,323,79103,79354,252,117.3,33.25,526.7,43.45,RIGHT,4.41,79398,79562,165,261.7,32.3,524.4,42.9,LEFT,1.59,78744,79069,326,64.3,33.55,523,43.7
13,1,RIGHT,324,79398,79562,165,261.7,32.3,524.4,42.9,RIGHT,0.99,79594,79914,321,293.5,32.1,521.1,42.8,LEFT,4.41,79103,79354,252,117.3,33.25,526.7,43.45
13,1,RIGHT,325,79594,79914,321,293.5,32.1,521.1,42.8,LEFT,1.38,79939,80244,306,249.1,32.3,525.4,42.9,LEFT,0.99,79398,79562,165,261.7,32.3,524.4,42.9
13,1,RIGHT,326,79939,80244,306,249.1,32.3,525.4,42.9,.,0.34,80263,80427,165,238.1,32.4,525.4,43,RIGHT,1.38,79594,79914,321,293.5,32.1,521.1,42.8
13,1,RIGHT,327,80263,80427,165,238.1,32.4,525.4,43,RIGHT,2.2,80463,80624,162,308.9,32.05,518.6,42.7,.,0.34,79939,80244,306,249.1,32.3,525.4,42.9
13,1,RIGHT,328,80463,80624,162,308.9,32.05,518.6,42.7,LEFT,3.1,80654,80849,196,209,32.5,521.5,43,LEFT,2.2,80263,80427,165,238.1,32.4,525.4,43
13,1,RIGHT,329,80654,80849,196,209,32.5,521.5,43,RIGHT,2.42,80887,81112,226,287.2,32.15,522.4,42.8,RIGHT,3.1,80463,80624,162,308.9,32.05,518.6,42.7
13,1,RIGHT,330,80887,81112,226,287.2,32.15,522.4,42.8,LEFT,5.88,81162,81362,201,97.5,33.35,567.4,43.75,LEFT,2.42,80654,80849,196,209,32.5,521.5,43
13,1,RIGHT,331,81162,81362,201,97.5,33.35,567.4,43.75,.,0.43,81380,81562,183,108.8,33.35,579.2,43.8,RIGHT,5.88,80887,81112,226,287.2,32.15,522.4,42.8
13,1,RIGHT,332,81380,81562,183,108.8,33.35,579.2,43.8,.,0.42,81586,81688,103,95.4,33.5,584.3,43.9,.,0.43,81162,81362,201,97.5,33.35,567.4,43.75
13,1,RIGHT,333,81586,81688,103,95.4,33.5,584.3,43.9,RIGHT,3.16,81725,81996,272,199.8,32.75,572.6,43.4,.,0.42,81380,81562,183,108.8,33.35,579.2,43.8
13,1,RIGHT,334,81725,81996,272,199.8,32.75,572.6,43.4,.,0.26,82009,82202,194,191.2,32.8,571.5,43.4,LEFT,3.16,81586,81688,103,95.4,33.5,584.3,43.9
13,1,RIGHT,335,82009,82202,194,191.2,32.8,571.5,43.4,RIGHT,2.24,82240,82502,263,264.3,32.4,573,43.2,.,0.26,81725,81996,272,199.8,32.75,572.6,43.4
13,1,RIGHT,336,82240,82502,263,264.3,32.4,573,43.2,RIGHT,2.75,82536,82714,179,352.7,32,571.9,42.9,LEFT,2.24,82009,82202,194,191.2,32.8,571.5,43.4
13,1,RIGHT,337,82536,82714,179,352.7,32,571.9,42.9,LEFT,0.57,82734,82863,130,334.4,32.1,574.6,43,LEFT,2.75,82240,82502,263,264.3,32.4,573,43.2
13,1,RIGHT,338,82734,82863,130,334.4,32.1,574.6,43,RIGHT,4.22,82907,83353,447,469.2,31.8,567.5,42.75,RIGHT,0.57,82536,82714,179,352.7,32,571.9,42.9
13,1,RIGHT,339,82907,83353,447,469.2,31.8,567.5,42.75,RIGHT,3.7,83382,83569,188,586.9,31.8,566.4,42.8,LEFT,4.22,82734,82863,130,334.4,32.1,574.6,43
13,1,RIGHT,340,83382,83569,188,586.9,31.8,566.4,42.8,RIGHT,2.12,83595,83906,312,654.3,31.9,573,42.9,LEFT,3.7,82907,83353,447,469.2,31.8,567.5,42.75
13,1,RIGHT,341,83595,83906,312,654.3,31.9,573,42.9,RIGHT,4.39,83939,84188,250,795.7,32.5,575.3,43.2,LEFT,2.12,83382,83569,188,586.9,31.8,566.4,42.8
13,1,RIGHT,342,83939,84188,250,795.7,32.5,575.3,43.2,RIGHT,1.61,84214,84476,263,848.1,32.85,580.5,43.5,LEFT,4.39,83595,83906,312,654.3,31.9,573,42.9
13,1,RIGHT,343,84214,84476,263,848.1,32.85,580.5,43.5,RIGHT,2.41,84505,84755,251,927.9,33.45,578.2,43.9,LEFT,1.61,83939,84188,250,795.7,32.5,575.3,43.2
13,1,RIGHT,344,84505,84755,251,927.9,33.45,578.2,43.9,RIGHT,0.67,84778,84853,76,950.3,33.6,582,44,LEFT,2.41,84214,84476,263,848.1,32.85,580.5,43.5
13,1,RIGHT,345,84778,84853,76,950.3,33.6,582,44,LEFT,24.94,84950,85050,101,115.8,33.35,619.2,43.95,LEFT,0.67,84505,84755,251,927.9,33.45,578.2,43.9
13,1,RIGHT,346,84950,85050,101,115.8,33.35,619.2,43.95,LEFT,1.81,85088,85263,176,55.7,33.85,631.6,44.35,RIGHT,24.94,84778,84853,76,950.3,33.6,582,44
13,1,RIGHT,347,85088,85263,176,55.7,33.85,631.6,44.35,RIGHT,3.13,85300,85580,281,160.4,33.1,633.3,43.9,RIGHT,1.81,84950,85050,101,115.8,33.35,619.2,43.95
13,1,RIGHT,348,85300,85580,281,160.4,33.1,633.3,43.9,RIGHT,3.85,85634,85889,256,286.4,32.35,630.7,43.45,LEFT,3.13,85088,85263,176,55.7,33.85,631.6,44.35
13,1,RIGHT,349,85634,85889,256,286.4,32.35,630.7,43.45,RIGHT,6.19,85939,86139,201,485.3,31.9,625.6,43.05,LEFT,3.85,85300,85580,281,160.4,33.1,633.3,43.9
13,1,RIGHT,350,85939,86139,201,485.3,31.9,625.6,43.05,RIGHT,4.93,86184,86360,177,642.2,31.95,611.7,43.1,LEFT,6.19,85634,85889,256,286.4,32.35,630.7,43.45
13,1,RIGHT,351,86184,86360,177,642.2,31.95,611.7,43.1,.,0.36,86379,86509,131,653.7,32,614.1,43.2,LEFT,4.93,85939,86139,201,485.3,31.9,625.6,43.05
13,1,RIGHT,352,86379,86509,131,653.7,32,614.1,43.2,LEFT,0.96,86529,86678,150,623,31.95,615.1,43.1,.,0.36,86184,86360,177,642.2,31.95,611.7,43.1
13,1,RIGHT,353,86529,86678,150,623,31.95,615.1,43.1,RIGHT,3.01,86715,86952,238,719.7,32.25,619,43.3,RIGHT,0.96,86379,86509,131,653.7,32,614.1,43.2
13,1,RIGHT,354,86715,86952,238,719.7,32.25,619,43.3,RIGHT,3.03,86988,87287,300,818.2,32.75,620.7,43.65,LEFT,3.01,86529,86678,150,623,31.95,615.1,43.1
13,1,RIGHT,355,86988,87287,300,818.2,32.75,620.7,43.65,RIGHT,2.88,87316,87508,193,913.4,33.5,627.9,44.1,LEFT,3.03,86715,86952,238,719.7,32.25,619,43.3
13,1,RIGHT,356,87316,87508,193,913.4,33.5,627.9,44.1,LEFT,1.04,87530,87715,186,878.9,33.15,624.7,43.9,LEFT,2.88,86988,87287,300,818.2,32.75,620.7,43.65
13,1,RIGHT,357,87530,87715,186,878.9,33.15,624.7,43.9,RIGHT,2.21,87744,87836,93,953,33.8,626.7,44.3,RIGHT,1.04,87316,87508,193,913.4,33.5,627.9,44.1
13,1,RIGHT,358,87744,87836,93,953,33.8,626.7,44.3,LEFT,24.77,87935,88111,177,121.5,33.4,678.1,44.35,LEFT,2.21,87530,87715,186,878.9,33.15,624.7,43.9
13,1,RIGHT,359,87935,88111,177,121.5,33.4,678.1,44.35,RIGHT,7.4,88150,88414,265,364.5,32.25,675.8,43.6,RIGHT,24.77,87744,87836,93,953,33.8,626.7,44.3
13,1,RIGHT,360,88150,88414,265,364.5,32.25,675.8,43.6,RIGHT,3.37,88459,88857,399,472.5,32,663.9,43.4,LEFT,7.4,87935,88111,177,121.5,33.4,678.1,44.35
13,1,RIGHT,361,88459,88857,399,472.5,32,663.9,43.4,RIGHT,7.23,88892,89092,201,704.8,32.3,670.5,43.65,LEFT,3.37,88150,88414,265,364.5,32.25,675.8,43.6
13,1,RIGHT,362,88892,89092,201,704.8,32.3,670.5,43.65,LEFT,15.04,89779,90014,236,215.4,32.9,713.1,44.3,LEFT,7.23,88459,88857,399,472.5,32,663.9,43.4
13,1,RIGHT,363,89779,90014,236,215.4,32.9,713.1,44.3,RIGHT,7.29,90054,90308,255,452.2,32.2,731,43.95,RIGHT,15.04,88892,89092,201,704.8,32.3,670.5,43.65
13,1,RIGHT,364,90054,90308,255,452.2,32.2,731,43.95,LEFT,12.8,90386,90500,115,25.8,34.45,736.8,45.35,LEFT,7.29,89779,90014,236,215.4,32.9,713.1,44.3
13,1,RIGHT,365,90386,90500,115,25.8,34.45,736.8,45.35,RIGHT,2.66,90542,90699,158,116.4,33.65,733.5,44.9,RIGHT,12.8,90054,90308,255,452.2,32.2,731,43.95
13,1,RIGHT,366,90542,90699,158,116.4,33.65,733.5,44.9,RIGHT,21.15,91455,91618,164,778.5,32.15,448.7,42.5,LEFT,2.66,90386,90500,115,25.8,34.45,736.8,45.35
13,1,RIGHT,367,91455,91618,164,778.5,32.15,448.7,42.5,LEFT,2.62,91648,91801,154,707.5,31.8,390,42.1,LEFT,21.15,90542,90699,158,116.4,33.65,733.5,44.9
13,1,RIGHT,368,91648,91801,154,707.5,31.8,390,42.1,LEFT,1,91824,91906,83,676.8,31.7,379.3,42,RIGHT,2.62,91455,91618,164,778.5,32.15,448.7,42.5
13,1,RIGHT,369,91824,91906,83,676.8,31.7,379.3,42,RIGHT,3.78,91948,92097,150,797.4,32.15,373.2,42.3,RIGHT,1,91648,91801,154,707.5,31.8,390,42.1
13,1,RIGHT,370,91948,92097,150,797.4,32.15,373.2,42.3,LEFT,1.27,92121,92287,167,756.9,32,376.8,42.2,LEFT,3.78,91824,91906,83,676.8,31.7,379.3,42
13,1,RIGHT,371,92121,92287,167,756.9,32,376.8,42.2,RIGHT,3.18,92325,92477,153,859.6,32.55,372.4,42.55,RIGHT,1.27,91948,92097,150,797.4,32.15,373.2,42.3
13,1,RIGHT,372,92325,92477,153,859.6,32.55,372.4,42.55,RIGHT,2.73,92512,92802,291,948.4,33.2,354.3,42.95,LEFT,3.18,92121,92287,167,756.9,32,376.8,42.2
13,1,RIGHT,373,92512,92802,291,948.4,33.2,354.3,42.95,LEFT,24.48,92884,92951,68,142.7,32.7,404.4,42.8,LEFT,2.73,92325,92477,153,859.6,32.55,372.4,42.55
13,1,RIGHT,374,92884,92951,68,142.7,32.7,404.4,42.8,LEFT,2.79,92990,93149,160,50.5,33.35,401.6,43.15,RIGHT,24.48,92512,92802,291,948.4,33.2,354.3,42.95
13,1,RIGHT,375,92990,93149,160,50.5,33.35,401.6,43.15,RIGHT,7.74,93209,93427,219,302,31.9,430.5,42.3,RIGHT,2.79,92884,92951,68,142.7,32.7,404.4,42.8
13,1,RIGHT,376,93209,93427,219,302,31.9,430.5,42.3,RIGHT,8.27,93481,93617,137,564,31.5,429.8,42,LEFT,7.74,92990,93149,160,50.5,33.35,401.6,43.15
13,1,RIGHT,377,93481,93617,137,564,31.5,429.8,42,RIGHT,2.92,93655,93801,147,656.1,31.65,431.5,42.1,LEFT,8.27,93209,93427,219,302,31.9,430.5,42.3
13,1,RIGHT,378,93655,93801,147,656.1,31.65,431.5,42.1,RIGHT,3.71,93830,93984,155,774.5,32.15,433.6,42.45,LEFT,2.92,93481,93617,137,564,31.5,429.8,42
13,1,RIGHT,379,93830,93984,155,774.5,32.15,433.6,42.45,RIGHT,2.85,94022,94274,253,866.7,32.65,425.3,42.75,LEFT,3.71,93655,93801,147,656.1,31.65,431.5,42.1
13,1,RIGHT,380,94022,94274,253,866.7,32.65,425.3,42.75,LEFT,0.93,94293,94436,144,836.7,32.5,431.5,42.7,LEFT,2.85,93830,93984,155,774.5,32.15,433.6,42.45
13,1,RIGHT,381,94293,94436,144,836.7,32.5,431.5,42.7,RIGHT,3.74,94480,94959,480,959.5,33.35,419.3,43.2,RIGHT,0.93,94022,94274,253,866.7,32.65,425.3,42.75
13,1,RIGHT,382,94480,94959,480,959.5,33.35,419.3,43.2,LEFT,14.7,96830,97039,210,497.9,31.3,271.1,41.5,LEFT,3.74,94293,94436,144,836.7,32.5,431.5,42.7
13,1,RIGHT,383,96830,97039,210,497.9,31.3,271.1,41.5,RIGHT,6.65,97077,97296,220,707.1,31.65,279.8,41.8,RIGHT,14.7,94480,94959,480,959.5,33.35,419.3,43.2
13,1,RIGHT,384,97077,97296,220,707.1,31.65,279.8,41.8,LEFT,1.11,97312,97529,218,673.5,31.6,292.6,41.75,LEFT,6.65,96830,97039,210,497.9,31.3,271.1,41.5
13,1,RIGHT,385,97312,97529,218,673.5,31.6,292.6,41.75,.,.,.,.,.,.,.,.,.,RIGHT,1.11,97077,97296,220,707.1,31.65,279.8,41.8
13,2,RIGHT,1,7,241,235,672.7,31.6,305.3,41.8,LEFT,13.73,302,383,82,260,31.75,124.2,41.7,.,.,.,.,.,.,.,.,.
13,2,RIGHT,2,302,383,82,260,31.75,124.2,41.7,LEFT,5.29,417,527,111,95.3,32.75,65.9,42.4,RIGHT,13.73,7,241,235,672.7,31.6,305.3,41.8
13,2,RIGHT,3,417,527,111,95.3,32.75,65.9,42.4,LEFT,1.05,547,681,135,66.3,33.05,41.3,42.6,RIGHT,5.29,302,383,82,260,31.75,124.2,41.7
13,2,RIGHT,4,547,681,135,66.3,33.05,41.3,42.6,RIGHT,2.74,718,919,202,155.9,32.4,37.8,42.25,RIGHT,1.05,417,527,111,95.3,32.75,65.9,42.4
13,2,RIGHT,5,718,919,202,155.9,32.4,37.8,42.25,LEFT,1.08,942,1093,152,120.9,32.65,37.8,42.4,LEFT,2.74,547,681,135,66.3,33.05,41.3,42.6
13,2,RIGHT,6,942,1093,152,120.9,32.65,37.8,42.4,RIGHT,2.21,1128,1271,144,192.7,32.2,36.2,42.05,RIGHT,1.08,718,919,202,155.9,32.4,37.8,42.25
13,2,RIGHT,7,1128,1271,144,192.7,32.2,36.2,42.05,RIGHT,3.39,1309,1490,182,300.7,31.65,46.4,41.7,LEFT,2.21,942,1093,152,120.9,32.65,37.8,42.4
13,2,RIGHT,8,1309,1490,182,300.7,31.65,46.4,41.7,LEFT,0.54,1504,1642,139,283.6,31.7,47.7,41.75,LEFT,3.39,1128,1271,144,192.7,32.2,36.2,42.05
13,2,RIGHT,9,1504,1642,139,283.6,31.7,47.7,41.75,RIGHT,3.71,1680,1935,256,400.5,31.4,43.5,41.5,RIGHT,0.54,1309,1490,182,300.7,31.65,46.4,41.7
13,2,RIGHT,10,1680,1935,256,400.5,31.4,43.5,41.5,.,0.21,1944,2168,225,394,31.4,45.4,41.5,LEFT,3.71,1504,1642,139,283.6,31.7,47.7,41.75
13,2,RIGHT,11,1944,2168,225,394,31.4,45.4,41.5,RIGHT,2.56,2206,2391,186,474.3,31.3,47.1,41.5,.,0.21,1680,1935,256,400.5,31.4,43.5,41.5
13,2,RIGHT,12,2206,2391,186,474.3,31.3,47.1,41.5,LEFT,3.19,2434,2646,213,374.4,31.4,46.9,41.55,LEFT,2.56,1944,2168,225,394,31.4,45.4,41.5
13,2,RIGHT,13,2434,2646,213,374.4,31.4,46.9,41.55,RIGHT,4.82,2687,2828,142,525.5,31.25,48.5,41.4,RIGHT,3.19,2206,2391,186,474.3,31.3,47.1,41.5
13,2,RIGHT,14,2687,2828,142,525.5,31.25,48.5,41.4,.,0.48,2954,3151,198,540.4,31.25,51.9,41.4,LEFT,4.82,2434,2646,213,374.4,31.4,46.9,41.55
13,2,RIGHT,15,2954,3151,198,540.4,31.25,51.9,41.4,LEFT,0.76,3175,3305,131,516.7,31.25,49.1,41.4,.,0.48,2687,2828,142,525.5,31.25,48.5,41.4
13,2,RIGHT,16,3175,3305,131,516.7,31.25,49.1,41.4,RIGHT,2.85,3349,3483,135,605.8,31.3,48.2,41.5,RIGHT,0.76,2954,3151,198,540.4,31.25,51.9,41.4
13,2,RIGHT,17,3349,3483,135,605.8,31.3,48.2,41.5,RIGHT,2.23,3521,3910,390,675.9,31.5,52,41.6,LEFT,2.85,3175,3305,131,516.7,31.25,49.1,41.4
13,2,RIGHT,18,3521,3910,390,675.9,31.5,52,41.6,RIGHT,2.99,3950,4268,319,770.8,31.9,48.4,41.85,LEFT,2.23,3349,3483,135,605.8,31.3,48.2,41.5
13,2,RIGHT,19,3950,4268,319,770.8,31.9,48.4,41.85,RIGHT,2.61,4303,4483,181,854.8,32.4,46.4,42.2,LEFT,2.99,3521,3910,390,675.9,31.5,52,41.6
13,2,RIGHT,20,4303,4483,181,854.8,32.4,46.4,42.2,RIGHT,2.19,4521,4644,124,926.2,32.95,41.6,42.55,LEFT,2.61,3950,4268,319,770.8,31.9,48.4,41.85
13,2,RIGHT,21,4521,4644,124,926.2,32.95,41.6,42.55,RIGHT,1.14,4671,4747,77,964,33.3,39.3,42.8,LEFT,2.19,4303,4483,181,854.8,32.4,46.4,42.2
13,2,RIGHT,22,4671,4747,77,964,33.3,39.3,42.8,LEFT,26.21,4849,4993,145,97.3,32.85,61.1,42.45,LEFT,1.14,4521,4644,124,926.2,32.95,41.6,42.55
13,2,RIGHT,23,4849,4993,145,97.3,32.85,61.1,42.45,RIGHT,2.53,5084,5323,240,179.1,32.3,73.4,42.1,RIGHT,26.21,4671,4747,77,964,33.3,39.3,42.8
13,2,RIGHT,24,5084,5323,240,179.1,32.3,73.4,42.1,RIGHT,2.77,5362,5505,144,268,31.85,70.7,41.8,LEFT,2.53,4849,4993,145,97.3,32.85,61.1,42.45
13,2,RIGHT,25,5362,5505,144,268,31.85,70.7,41.8,LEFT,0.66,5529,5660,132,247.2,31.9,73.1,41.9,LEFT,2.77,5084,5323,240,179.1,32.3,73.4,42.1
13,2,RIGHT,26,5529,5660,132,247.2,31.9,73.1,41.9,RIGHT,2.78,5699,5874,176,335.5,31.55,75,41.6,RIGHT,0.66,5362,5505,144,268,31.85,70.7,41.8
13,2,RIGHT,27,5699,5874,176,335.5,31.55,75,41.6,LEFT,0.51,5894,6088,195,319.8,31.6,71.2,41.6,LEFT,2.78,5529,5660,132,247.2,31.9,73.1,41.9
13,2,RIGHT,28,5894,6088,195,319.8,31.6,71.2,41.6,RIGHT,2.98,6129,6260,132,413.5,31.35,74.3,41.5,RIGHT,0.51,5699,5874,176,335.5,31.55,75,41.6
13,2,RIGHT,29,6129,6260,132,413.5,31.35,74.3,41.5,RIGHT,2.72,6298,6479,182,498.7,31.2,75,41.4,LEFT,2.98,5894,6088,195,319.8,31.6,71.2,41.6
13,2,RIGHT,30,6298,6479,182,498.7,31.2,75,41.4,RIGHT,2.29,6518,6657,140,570.2,31.3,77.9,41.4,LEFT,2.72,6129,6260,132,413.5,31.35,74.3,41.5
13,2,RIGHT,31,6518,6657,140,570.2,31.3,77.9,41.4,RIGHT,2.81,6696,6906,211,658.3,31.4,82,41.5,LEFT,2.29,6298,6479,182,498.7,31.2,75,41.4
13,2,RIGHT,32,6696,6906,211,658.3,31.4,82,41.5,RIGHT,2.63,6945,7089,145,741.4,31.7,85,41.7,LEFT,2.81,6518,6657,140,570.2,31.3,77.9,41.4
13,2,RIGHT,33,6945,7089,145,741.4,31.7,85,41.7,RIGHT,2.62,7124,7343,220,825.1,32.15,85.9,42,LEFT,2.63,6696,6906,211,658.3,31.4,82,41.5
13,2,RIGHT,34,7124,7343,220,825.1,32.15,85.9,42,RIGHT,3.22,7382,7800,419,929.9,32.85,85.1,42.45,LEFT,2.62,6945,7089,145,741.4,31.7,85,41.7
13,2,RIGHT,35,7382,7800,419,929.9,32.85,85.1,42.45,LEFT,24.52,7893,8003,111,127.1,32.65,101,42.3,LEFT,3.22,7124,7343,220,825.1,32.15,85.9,42
13,2,RIGHT,36,7893,8003,111,127.1,32.65,101,42.3,LEFT,1.82,8030,8214,185,67.7,33.1,109.5,42.6,RIGHT,24.52,7382,7800,419,929.9,32.85,85.1,42.45
13,2,RIGHT,37,8030,8214,185,67.7,33.1,109.5,42.6,RIGHT,3.9,8259,8374,116,195.2,32.25,111.1,42.05,RIGHT,1.82,7893,8003,111,127.1,32.65,101,42.3
13,2,RIGHT,38,8259,8374,116,195.2,32.25,111.1,42.05,RIGHT,2.76,8413,8551,139,283.6,31.75,109.8,41.75,LEFT,3.9,8030,8214,185,67.7,33.1,109.5,42.6
13,2,RIGHT,39,8413,8551,139,283.6,31.75,109.8,41.75,LEFT,0.94,8576,8662,87,253.6,31.9,110.3,41.8,LEFT,2.76,8259,8374,116,195.2,32.25,111.1,42.05
13,2,RIGHT,40,8576,8662,87,253.6,31.9,110.3,41.8,RIGHT,3.15,8703,8871,169,353.3,31.5,108.9,41.55,RIGHT,0.94,8413,8551,139,283.6,31.75,109.8,41.75
13,2,RIGHT,41,8703,8871,169,353.3,31.5,108.9,41.55,LEFT,0.52,8892,8953,62,336.9,31.5,111.3,41.6,LEFT,3.15,8576,8662,87,253.6,31.9,110.3,41.8
13,2,RIGHT,42,8892,8953,62,336.9,31.5,111.3,41.6,RIGHT,2.89,8992,9138,147,427.6,31.3,113.5,41.4,RIGHT,0.52,8703,8871,169,353.3,31.5,108.9,41.55
13,2,RIGHT,43,8992,9138,147,427.6,31.3,113.5,41.4,RIGHT,2.97,9177,9349,173,520.4,31.2,115.3,41.4,LEFT,2.89,8892,8953,62,336.9,31.5,111.3,41.6
13,2,RIGHT,44,9177,9349,173,520.4,31.2,115.3,41.4,LEFT,0.62,9370,9480,111,501.1,31.2,117.6,41.4,LEFT,2.97,8992,9138,147,427.6,31.3,113.5,41.4
13,2,RIGHT,45,9370,9480,111,501.1,31.2,117.6,41.4,RIGHT,2.99,9520,9686,167,594.5,31.3,117.3,41.4,RIGHT,0.62,9177,9349,173,520.4,31.2,115.3,41.4
13,2,RIGHT,46,9520,9686,167,594.5,31.3,117.3,41.4,RIGHT,2.91,9726,9850,125,685.8,31.5,124.4,41.55,LEFT,2.99,9370,9480,111,501.1,31.2,117.6,41.4
13,2,RIGHT,47,9726,9850,125,685.8,31.5,124.4,41.55,RIGHT,3.23,9887,10028,142,788.2,31.95,126.2,41.85,LEFT,2.91,9520,9686,167,594.5,31.3,117.3,41.4
13,2,RIGHT,48,9887,10028,142,788.2,31.95,126.2,41.85,RIGHT,2.51,10064,10192,129,869,32.45,124.2,42.15,LEFT,3.23,9726,9850,125,685.8,31.5,124.4,41.55
13,2,RIGHT,49,10064,10192,129,869,32.45,124.2,42.15,RIGHT,2.28,10230,10339,110,943.5,32.95,123.1,42.55,LEFT,2.51,9887,10028,142,788.2,31.95,126.2,41.85
13,2,RIGHT,50,10230,10339,110,943.5,32.95,123.1,42.55,LEFT,24.63,10434,10559,126,137.3,32.55,161.5,42.25,LEFT,2.28,10064,10192,129,869,32.45,124.2,42.15
13,2,RIGHT,51,10434,10559,126,137.3,32.55,161.5,42.25,LEFT,1.48,10592,10748,157,94.1,32.85,189.4,42.5,RIGHT,24.63,10230,10339,110,943.5,32.95,123.1,42.55
13,2,RIGHT,52,10592,10748,157,94.1,32.85,189.4,42.5,RIGHT,3.91,10789,10994,206,220.4,32.15,208.3,42,RIGHT,1.48,10434,10559,126,137.3,32.55,161.5,42.25
13,2,RIGHT,53,10789,10994,206,220.4,32.15,208.3,42,RIGHT,3.81,11034,11427,394,341.3,31.6,221.8,41.65,LEFT,3.91,10592,10748,157,94.1,32.85,189.4,42.5
13,2,RIGHT,54,11034,11427,394,341.3,31.6,221.8,41.65,RIGHT,5.55,11466,11606,141,515.5,31.2,231.3,41.4,LEFT,3.81,10789,10994,206,220.4,32.15,208.3,42
13,2,RIGHT,55,11466,11606,141,515.5,31.2,231.3,41.4,LEFT,1.19,11632,11858,227,478.5,31.3,236.1,41.4,LEFT,5.55,11034,11427,394,341.3,31.6,221.8,41.65
13,2,RIGHT,56,11632,11858,227,478.5,31.3,236.1,41.4,RIGHT,2.04,11898,12287,390,542.2,31.2,238.1,41.4,RIGHT,1.19,11466,11606,141,515.5,31.2,231.3,41.4
13,2,RIGHT,57,11898,12287,390,542.2,31.2,238.1,41.4,RIGHT,3.66,12315,12559,245,656.5,31.4,230.2,41.5,LEFT,2.04,11632,11858,227,478.5,31.3,236.1,41.4
13,2,RIGHT,58,12315,12559,245,656.5,31.4,230.2,41.5,RIGHT,1.27,12584,12652,69,696.2,31.6,234.8,41.6,LEFT,3.66,11898,12287,390,542.2,31.2,238.1,41.4
13,2,RIGHT,59,12584,12652,69,696.2,31.6,234.8,41.6,RIGHT,1.41,12685,12817,133,740.5,31.7,229,41.75,LEFT,1.27,12315,12559,245,656.5,31.4,230.2,41.5
13,2,RIGHT,60,12685,12817,133,740.5,31.7,229,41.75,RIGHT,2.81,12843,13006,164,829.6,32.2,213.6,42,LEFT,1.41,12584,12652,69,696.2,31.6,234.8,41.6
13,2,RIGHT,61,12843,13006,164,829.6,32.2,213.6,42,RIGHT,2.74,13042,13266,225,918.5,32.75,208.3,42.4,LEFT,2.81,12685,12817,133,740.5,31.7,229,41.75
13,2,RIGHT,62,13042,13266,225,918.5,32.75,208.3,42.4,RIGHT,2.42,13303,13404,102,998.7,33.55,207,42.9,LEFT,2.74,12843,13006,164,829.6,32.2,213.6,42
13,2,RIGHT,63,13303,13404,102,998.7,33.55,207,42.9,LEFT,26.41,13489,13598,110,124.2,32.7,231.1,42.4,LEFT,2.42,13042,13266,225,918.5,32.75,208.3,42.4
13,2,RIGHT,64,13489,13598,110,124.2,32.7,231.1,42.4,LEFT,2.24,13638,13864,227,51.4,33.2,246.8,42.75,RIGHT,26.41,13303,13404,102,998.7,33.55,207,42.9
13,2,RIGHT,65,13638,13864,227,51.4,33.2,246.8,42.75,RIGHT,3.5,13903,14153,251,166.2,32.5,250.6,42.25,RIGHT,2.24,13489,13598,110,124.2,32.7,231.1,42.4
13,2,RIGHT,66,13903,14153,251,166.2,32.5,250.6,42.25,RIGHT,2.8,14192,14308,117,254.8,31.95,272,41.95,LEFT,3.5,13638,13864,227,51.4,33.2,246.8,42.75
13,2,RIGHT,67,14192,14308,117,254.8,31.95,272,41.95,LEFT,4.78,14355,14512,158,100.9,32.85,250.4,42.5,LEFT,2.8,13903,14153,251,166.2,32.5,250.6,42.25
13,2,RIGHT,68,14355,14512,158,100.9,32.85,250.4,42.5,RIGHT,4.63,14555,14826,272,250.1,32,270.6,41.95,RIGHT,4.78,14192,14308,117,254.8,31.95,272,41.95
13,2,RIGHT,69,14555,14826,272,250.1,32,270.6,41.95,RIGHT,0.95,14857,15008,152,280.4,31.85,274.6,41.9,LEFT,4.63,14355,14512,158,100.9,32.85,250.4,42.5
13,2,RIGHT,70,14857,15008,152,280.4,31.85,274.6,41.9,LEFT,2.33,15047,15324,278,206.1,32.15,266.1,42.1,LEFT,0.95,14555,14826,272,250.1,32,270.6,41.95
13,2,RIGHT,71,15047,15324,278,206.1,32.15,266.1,42.1,RIGHT,4.01,15367,15554,188,333.8,31.65,275.6,41.75,RIGHT,2.33,14857,15008,152,280.4,31.85,274.6,41.9
13,2,RIGHT,72,15367,15554,188,333.8,31.65,275.6,41.75,LEFT,2.44,15593,15847,255,256.4,31.9,269.3,41.9,LEFT,4.01,15047,15324,278,206.1,32.15,266.1,42.1
13,2,RIGHT,73,15593,15847,255,256.4,31.9,269.3,41.9,RIGHT,2.51,15888,16128,241,336.1,31.6,274.7,41.7,RIGHT,2.44,15367,15554,188,333.8,31.65,275.6,41.75
13,2,RIGHT,74,15888,16128,241,336.1,31.6,274.7,41.7,RIGHT,1.97,16154,16284,131,398,31.4,278.2,41.6,LEFT,2.51,15593,15847,255,256.4,31.9,269.3,41.9
13,2,RIGHT,75,16154,16284,131,398,31.4,278.2,41.6,RIGHT,2.58,16320,16460,141,479,31.3,280.4,41.5,LEFT,1.97,15888,16128,241,336.1,31.6,274.7,41.7
13,2,RIGHT,76,16320,16460,141,479,31.3,280.4,41.5,LEFT,0.82,16483,16645,163,453.5,31.3,279.4,41.5,LEFT,2.58,16154,16284,131,398,31.4,278.2,41.6
13,2,RIGHT,77,16483,16645,163,453.5,31.3,279.4,41.5,LEFT,0.92,16669,16837,169,424.6,31.4,279.6,41.6,RIGHT,0.82,16320,16460,141,479,31.3,280.4,41.5
13,2,RIGHT,78,16669,16837,169,424.6,31.4,279.6,41.6,RIGHT,2.47,16863,17021,159,502,31.3,282.3,41.5,RIGHT,0.92,16483,16645,163,453.5,31.3,279.4,41.5
13,2,RIGHT,79,16863,17021,159,502,31.3,282.3,41.5,RIGHT,1.66,17055,17280,226,554,31.3,282.4,41.5,LEFT,2.47,16669,16837,169,424.6,31.4,279.6,41.6
13,2,RIGHT,80,17055,17280,226,554,31.3,282.4,41.5,RIGHT,2.64,17317,17543,227,636.8,31.4,284.1,41.6,LEFT,1.66,16863,17021,159,502,31.3,282.3,41.5
13,2,RIGHT,81,17317,17543,227,636.8,31.4,284.1,41.6,RIGHT,2.43,17582,17748,167,713.4,31.65,280.6,41.75,LEFT,2.64,17055,17280,226,554,31.3,282.4,41.5
13,2,RIGHT,82,17582,17748,167,713.4,31.65,280.6,41.75,RIGHT,2.07,17786,17921,136,779.2,31.95,279.2,41.95,LEFT,2.43,17317,17543,227,636.8,31.4,284.1,41.6
13,2,RIGHT,83,17786,17921,136,779.2,31.95,279.2,41.95,RIGHT,2.99,17960,18172,213,874.9,32.55,265.3,42.3,LEFT,2.07,17582,17748,167,713.4,31.65,280.6,41.75
13,2,RIGHT,84,17960,18172,213,874.9,32.55,265.3,42.3,RIGHT,2.36,18199,18440,242,951.6,33.15,251.7,42.7,LEFT,2.99,17786,17921,136,779.2,31.95,279.2,41.95
13,2,RIGHT,85,18199,18440,242,951.6,33.15,251.7,42.7,LEFT,26.08,18539,18695,157,90,32.95,286.7,42.65,LEFT,2.36,17960,18172,213,874.9,32.55,265.3,42.3
13,2,RIGHT,86,18539,18695,157,90,32.95,286.7,42.65,LEFT,1.14,18728,18839,112,52.9,33.25,295,42.85,RIGHT,26.08,18199,18440,242,951.6,33.15,251.7,42.7
13,2,RIGHT,87,18728,18839,112,52.9,33.25,295,42.85,RIGHT,4.38,18878,19056,179,195.9,32.35,314.7,42.25,RIGHT,1.14,18539,18695,157,90,32.95,286.7,42.65
13,2,RIGHT,88,18878,19056,179,195.9,32.35,314.7,42.25,RIGHT,4.09,19099,19224,126,326.5,31.7,326.8,41.9,LEFT,4.38,18728,18839,112,52.9,33.25,295,42.85
13,2,RIGHT,89,19099,19224,126,326.5,31.7,326.8,41.9,LEFT,1.15,19258,19466,209,290,31.8,331.1,41.95,LEFT,4.09,18878,19056,179,195.9,32.35,314.7,42.25
13,2,RIGHT,90,19258,19466,209,290,31.8,331.1,41.95,RIGHT,4.31,19513,19612,100,426.2,31.4,335.7,41.75,RIGHT,1.15,19099,19224,126,326.5,31.7,326.8,41.9
13,2,RIGHT,91,19513,19612,100,426.2,31.4,335.7,41.75,RIGHT,0.85,19732,19896,165,451.4,31.4,346.8,41.75,LEFT,4.31,19258,19466,209,290,31.8,331.1,41.95
13,2,RIGHT,92,19732,19896,165,451.4,31.4,346.8,41.75,RIGHT,2.18,19932,20185,254,518.6,31.3,330.9,41.6,LEFT,0.85,19513,19612,100,426.2,31.4,335.7,41.75
13,2,RIGHT,93,19932,20185,254,518.6,31.3,330.9,41.6,RIGHT,1.98,20222,20382,161,580.6,31.4,330.6,41.7,LEFT,2.18,19732,19896,165,451.4,31.4,346.8,41.75
13,2,RIGHT,94,20222,20382,161,580.6,31.4,330.6,41.7,RIGHT,1.53,20417,20833,417,628.6,31.45,334.1,41.7,LEFT,1.98,19932,20185,254,518.6,31.3,330.9,41.6
13,2,RIGHT,95,20417,20833,417,628.6,31.45,334.1,41.7,LEFT,1.47,20859,21139,281,582.4,31.4,334.2,41.7,LEFT,1.53,20222,20382,161,580.6,31.4,330.6,41.7
13,2,RIGHT,96,20859,21139,281,582.4,31.4,334.2,41.7,RIGHT,3.04,21166,21524,359,678.1,31.6,333.4,41.8,RIGHT,1.47,20417,20833,417,628.6,31.45,334.1,41.7
13,2,RIGHT,97,21166,21524,359,678.1,31.6,333.4,41.8,LEFT,1.45,21558,21683,126,632.3,31.5,335.3,41.75,LEFT,3.04,20859,21139,281,582.4,31.4,334.2,41.7
13,2,RIGHT,98,21558,21683,126,632.3,31.5,335.3,41.75,RIGHT,2.93,21723,21936,214,725.1,31.75,335.6,41.9,RIGHT,1.45,21166,21524,359,678.1,31.6,333.4,41.8
13,2,RIGHT,99,21723,21936,214,725.1,31.75,335.6,41.9,RIGHT,2.7,21975,22112,138,811.2,32.15,331.1,42.2,LEFT,2.93,21558,21683,126,632.3,31.5,335.3,41.75
13,2,RIGHT,100,21975,22112,138,811.2,32.15,331.1,42.2,RIGHT,2.28,22148,22290,143,884.9,32.65,325,42.5,LEFT,2.7,21723,21936,214,725.1,31.75,335.6,41.9
13,2,RIGHT,101,22148,22290,143,884.9,32.65,325,42.5,RIGHT,2.14,22316,22460,145,954.7,33.25,311.7,42.85,LEFT,2.28,21975,22112,138,811.2,32.15,331.1,42.2
13,2,RIGHT,102,22316,22460,145,954.7,33.25,311.7,42.85,LEFT,24.28,22556,22636,81,156.1,32.55,340.8,42.45,LEFT,2.14,22148,22290,143,884.9,32.65,325,42.5
13,2,RIGHT,103,22556,22636,81,156.1,32.55,340.8,42.45,LEFT,3.04,22675,22924,250,56.2,33.25,349,42.95,RIGHT,24.28,22316,22460,145,954.7,33.25,311.7,42.85
13,2,RIGHT,104,22675,22924,250,56.2,33.25,349,42.95,RIGHT,4.21,22966,23257,292,192.7,32.45,377.4,42.45,RIGHT,3.04,22556,22636,81,156.1,32.55,340.8,42.45
13,2,RIGHT,105,22966,23257,292,192.7,32.45,377.4,42.45,RIGHT,3.31,23295,23446,152,299.1,31.85,375.5,42.1,LEFT,4.21,22675,22924,250,56.2,33.25,349,42.95
13,2,RIGHT,106,23295,23446,152,299.1,31.85,375.5,42.1,RIGHT,10.68,23490,23704,215,637.5,31.5,378.1,41.9,LEFT,3.31,22966,23257,292,192.7,32.45,377.4,42.45
13,2,RIGHT,107,23490,23704,215,637.5,31.5,378.1,41.9,LEFT,1.98,23739,23858,120,575.3,31.4,379.6,41.8,LEFT,10.68,23295,23446,152,299.1,31.85,375.5,42.1
13,2,RIGHT,108,23739,23858,120,575.3,31.4,379.6,41.8,LEFT,15.01,23938,24140,203,91.2,33.2,412.8,43.1,RIGHT,1.98,23490,23704,215,637.5,31.5,378.1,41.9
13,2,RIGHT,109,23938,24140,203,91.2,33.2,412.8,43.1,RIGHT,2.75,24179,24385,207,181,32.55,425.9,42.7,RIGHT,15.01,23739,23858,120,575.3,31.4,379.6,41.8
13,2,RIGHT,110,24179,24385,207,181,32.55,425.9,42.7,RIGHT,3.39,24425,24573,149,290.2,32,433.4,42.3,LEFT,2.75,23938,24140,203,91.2,33.2,412.8,43.1
13,2,RIGHT,111,24425,24573,149,290.2,32,433.4,42.3,LEFT,0.69,24598,24737,140,268.2,32.05,434.9,42.4,LEFT,3.39,24179,24385,207,181,32.55,425.9,42.7
13,2,RIGHT,112,24598,24737,140,268.2,32.05,434.9,42.4,RIGHT,3.37,24775,25029,255,375.6,31.65,434.4,42.1,RIGHT,0.69,24425,24573,149,290.2,32,433.4,42.3
13,2,RIGHT,113,24775,25029,255,375.6,31.65,434.4,42.1,RIGHT,3.54,25068,25270,203,487.5,31.5,433.6,42,LEFT,3.37,24598,24737,140,268.2,32.05,434.9,42.4
13,2,RIGHT,114,25068,25270,203,487.5,31.5,433.6,42,.,0.43,25278,25424,147,474,31.5,434.3,42,LEFT,3.54,24775,25029,255,375.6,31.65,434.4,42.1
13,2,RIGHT,115,25278,25424,147,474,31.5,434.3,42,RIGHT,2.68,25463,25581,119,558.4,31.5,441.1,42,.,0.43,25068,25270,203,487.5,31.5,433.6,42
13,2,RIGHT,116,25463,25581,119,558.4,31.5,441.1,42,RIGHT,1.89,25616,25785,170,617.9,31.6,438.8,42.1,LEFT,2.68,25278,25424,147,474,31.5,434.3,42
13,2,RIGHT,117,25616,25785,170,617.9,31.6,438.8,42.1,RIGHT,2.36,25822,25978,157,692.6,31.8,433.6,42.2,LEFT,1.89,25463,25581,119,558.4,31.5,441.1,42
13,2,RIGHT,118,25822,25978,157,692.6,31.8,433.6,42.2,LEFT,0.8,26002,26202,201,667.3,31.7,432.8,42.15,LEFT,2.36,25616,25785,170,617.9,31.6,438.8,42.1
13,2,RIGHT,119,26002,26202,201,667.3,31.7,432.8,42.15,RIGHT,2.78,26241,26511,271,755.9,32.05,434.9,42.35,RIGHT,0.8,25822,25978,157,692.6,31.8,433.6,42.2
13,2,RIGHT,120,26241,26511,271,755.9,32.05,434.9,42.35,RIGHT,2.51,26547,26687,141,836.7,32.45,430.9,42.65,LEFT,2.78,26002,26202,201,667.3,31.7,432.8,42.15
13,2,RIGHT,121,26547,26687,141,836.7,32.45,430.9,42.65,RIGHT,2.76,26714,26980,267,927.3,33.2,427.8,43.1,LEFT,2.51,26241,26511,271,755.9,32.05,434.9,42.35
13,2,RIGHT,122,26714,26980,267,927.3,33.2,427.8,43.1,RIGHT,1.39,27012,27132,121,973.6,33.5,424.7,43.3,LEFT,2.76,26547,26687,141,836.7,32.45,430.9,42.65
13,2,RIGHT,123,27012,27132,121,973.6,33.5,424.7,43.3,LEFT,2.61,27167,27357,191,886.9,32.85,423.7,42.85,LEFT,1.39,26714,26980,267,927.3,33.2,427.8,43.1
13,2,RIGHT,124,27167,27357,191,886.9,32.85,423.7,42.85,RIGHT,2.8,27404,27565,162,979.9,33.55,420.4,43.3,RIGHT,2.61,27012,27132,121,973.6,33.5,424.7,43.3
13,2,RIGHT,125,27404,27565,162,979.9,33.55,420.4,43.3,LEFT,25.74,27656,27766,111,125,32.95,469.6,43.1,LEFT,2.8,27167,27357,191,886.9,32.85,423.7,42.85
13,2,RIGHT,126,27656,27766,111,125,32.95,469.6,43.1,LEFT,1.71,27797,27971,175,69.8,33.35,485.8,43.4,RIGHT,25.74,27404,27565,162,979.9,33.55,420.4,43.3
13,2,RIGHT,127,27797,27971,175,69.8,33.35,485.8,43.4,RIGHT,2.05,28008,28127,120,137.8,32.95,486.9,43.1,RIGHT,1.71,27656,27766,111,125,32.95,469.6,43.1
13,2,RIGHT,128,28008,28127,120,137.8,32.95,486.9,43.1,LEFT,1.02,28153,28336,184,104,33.2,484.9,43.3,LEFT,2.05,27797,27971,175,69.8,33.35,485.8,43.4
13,2,RIGHT,129,28153,28336,184,104,33.2,484.9,43.3,RIGHT,2.57,28371,28500,130,188.6,32.65,491.8,42.95,RIGHT,1.02,28008,28127,120,137.8,32.95,486.9,43.1
13,2,RIGHT,130,28371,28500,130,188.6,32.65,491.8,42.95,RIGHT,3,28538,28767,230,285.4,32.05,484.7,42.6,LEFT,2.57,28153,28336,184,104,33.2,484.9,43.3
13,2,RIGHT,131,28538,28767,230,285.4,32.05,484.7,42.6,.,0.49,28787,28946,160,269.6,32.1,485.5,42.6,LEFT,3,28371,28500,130,188.6,32.65,491.8,42.95
13,2,RIGHT,132,28787,28946,160,269.6,32.1,485.5,42.6,RIGHT,3.22,28986,29203,218,372.4,31.75,482.2,42.35,.,0.49,28538,28767,230,285.4,32.05,484.7,42.6
13,2,RIGHT,133,28986,29203,218,372.4,31.75,482.2,42.35,.,0.3,29210,29354,145,362.9,31.8,483.5,42.4,LEFT,3.22,28787,28946,160,269.6,32.1,485.5,42.6
13,2,RIGHT,134,29210,29354,145,362.9,31.8,483.5,42.4,RIGHT,3.73,29393,29564,172,480.8,31.55,475.8,42.2,.,0.3,28986,29203,218,372.4,31.75,482.2,42.35
13,2,RIGHT,135,29393,29564,172,480.8,31.55,475.8,42.2,LEFT,0.96,29594,30101,508,450.6,31.6,474.1,42.2,LEFT,3.73,29210,29354,145,362.9,31.8,483.5,42.4
13,2,RIGHT,136,29594,30101,508,450.6,31.6,474.1,42.2,LEFT,11.14,30163,30429,267,89.5,33.25,478.8,43.3,RIGHT,0.96,29393,29564,172,480.8,31.55,475.8,42.2
13,2,RIGHT,137,30163,30429,267,89.5,33.25,478.8,43.3,RIGHT,3.03,30468,30572,105,189.4,32.65,478.5,42.9,RIGHT,11.14,29594,30101,508,450.6,31.6,474.1,42.2
13,2,RIGHT,138,30468,30572,105,189.4,32.65,478.5,42.9,RIGHT,12.27,30635,30779,145,583.6,31.6,465.7,42.2,LEFT,3.03,30163,30429,267,89.5,33.25,478.8,43.3
13,2,RIGHT,139,30635,30779,145,583.6,31.6,465.7,42.2,LEFT,0.78,30803,30910,108,559.1,31.5,466.7,42.2,LEFT,12.27,30468,30572,105,189.4,32.65,478.5,42.9
13,2,RIGHT,140,30803,30910,108,559.1,31.5,466.7,42.2,RIGHT,3.03,30948,31086,139,654.9,31.7,472.3,42.3,RIGHT,0.78,30635,30779,145,583.6,31.6,465.7,42.2
13,2,RIGHT,141,30948,31086,139,654.9,31.7,472.3,42.3,RIGHT,1.78,31122,31238,117,711.4,31.9,479.1,42.45,LEFT,3.03,30803,30910,108,559.1,31.5,466.7,42.2
13,2,RIGHT,142,31122,31238,117,711.4,31.9,479.1,42.45,RIGHT,1.89,31265,31437,173,771.7,32.2,487.8,42.7,LEFT,1.78,30948,31086,139,654.9,31.7,472.3,42.3
13,2,RIGHT,143,31265,31437,173,771.7,32.2,487.8,42.7,RIGHT,2.31,31473,31655,183,846.5,32.65,487.6,42.95,LEFT,1.89,31122,31238,117,711.4,31.9,479.1,42.45
13,2,RIGHT,144,31473,31655,183,846.5,32.65,487.6,42.95,LEFT,1,31679,31829,151,814.1,32.5,491.1,42.8,LEFT,2.31,31265,31437,173,771.7,32.2,487.8,42.7
13,2,RIGHT,145,31679,31829,151,814.1,32.5,491.1,42.8,RIGHT,4.17,31858,32354,497,951.3,33.45,478.4,43.4,RIGHT,1,31473,31655,183,846.5,32.65,487.6,42.95
13,2,RIGHT,146,31858,32354,497,951.3,33.45,478.4,43.4,LEFT,26.24,32462,32652,191,74.7,33.45,534.2,43.65,LEFT,4.17,31679,31829,151,814.1,32.5,491.1,42.8
13,2,RIGHT,147,32462,32652,191,74.7,33.45,534.2,43.65,RIGHT,1.9,32689,32909,221,137.8,33.05,534.7,43.4,RIGHT,26.24,31858,32354,497,951.3,33.45,478.4,43.4
13,2,RIGHT,148,32689,32909,221,137.8,33.05,534.7,43.4,.,0.38,32929,33052,124,125.1,33.05,533.9,43.45,LEFT,1.9,32462,32652,191,74.7,33.45,534.2,43.65
13,2,RIGHT,149,32929,33052,124,125.1,33.05,533.9,43.45,LEFT,1.73,33174,33320,147,67.9,33.55,526.7,43.65,.,0.38,32689,32909,221,137.8,33.05,534.7,43.4
13,2,RIGHT,150,33174,33320,147,67.9,33.55,526.7,43.65,RIGHT,3.58,33363,33641,279,186.3,32.75,536.8,43.2,RIGHT,1.73,32929,33052,124,125.1,33.05,533.9,43.45
13,2,RIGHT,151,33363,33641,279,186.3,32.75,536.8,43.2,RIGHT,2.18,33679,33883,205,256.7,32.25,524.5,42.9,LEFT,3.58,33174,33320,147,67.9,33.55,526.7,43.65
13,2,RIGHT,152,33679,33883,205,256.7,32.25,524.5,42.9,LEFT,2.37,33924,34064,141,179.9,32.65,530.1,43.15,LEFT,2.18,33363,33641,279,186.3,32.75,536.8,43.2
13,2,RIGHT,153,33924,34064,141,179.9,32.65,530.1,43.15,RIGHT,3.54,34093,34246,154,294.6,32.1,525.7,42.8,RIGHT,2.37,33679,33883,205,256.7,32.25,524.5,42.9
13,2,RIGHT,154,34093,34246,154,294.6,32.1,525.7,42.8,RIGHT,3.06,34286,34426,141,392.3,31.8,523.3,42.55,LEFT,3.54,33924,34064,141,179.9,32.65,530.1,43.15
13,2,RIGHT,155,34286,34426,141,392.3,31.8,523.3,42.55,LEFT,1.13,34458,34564,107,356.3,31.85,523.3,42.6,LEFT,3.06,34093,34246,154,294.6,32.1,525.7,42.8
13,2,RIGHT,156,34458,34564,107,356.3,31.85,523.3,42.6,LEFT,0.56,34587,35069,483,338.8,31.9,527.5,42.7,RIGHT,1.13,34286,34426,141,392.3,31.8,523.3,42.55
13,2,RIGHT,157,34587,35069,483,338.8,31.9,527.5,42.7,RIGHT,6.19,35698,35850,153,535.4,31.6,527.5,42.5,RIGHT,0.56,34458,34564,107,356.3,31.85,523.3,42.6
13,2,RIGHT,158,35698,35850,153,535.4,31.6,527.5,42.5,RIGHT,2.37,35888,36183,296,610.4,31.7,530.6,42.55,LEFT,6.19,34587,35069,483,338.8,31.9,527.5,42.7
13,2,RIGHT,159,35888,36183,296,610.4,31.7,530.6,42.55,.,0.42,36192,36315,124,597.5,31.7,534.5,42.55,LEFT,2.37,35698,35850,153,535.4,31.6,527.5,42.5
13,2,RIGHT,160,36192,36315,124,597.5,31.7,534.5,42.55,RIGHT,2.45,36351,36487,137,675.4,31.9,535.4,42.7,.,0.42,35888,36183,296,610.4,31.7,530.6,42.55
13,2,RIGHT,161,36351,36487,137,675.4,31.9,535.4,42.7,RIGHT,2.19,36524,36717,194,745.5,32.15,534.4,42.85,LEFT,2.45,36192,36315,124,597.5,31.7,534.5,42.55
13,2,RIGHT,162,36524,36717,194,745.5,32.15,534.4,42.85,RIGHT,2.14,36752,36889,138,814.6,32.55,535.9,43.1,LEFT,2.19,36351,36487,137,675.4,31.9,535.4,42.7
13,2,RIGHT,163,36752,36889,138,814.6,32.55,535.9,43.1,RIGHT,2.12,36923,37086,164,884,32.95,532.8,43.35,LEFT,2.14,36524,36717,194,745.5,32.15,534.4,42.85
13,2,RIGHT,164,36923,37086,164,884,32.95,532.8,43.35,RIGHT,2.33,37113,37334,222,961.7,33.65,531.2,43.8,LEFT,2.12,36752,36889,138,814.6,32.55,535.9,43.1
13,2,RIGHT,165,37113,37334,222,961.7,33.65,531.2,43.8,LEFT,25.25,37425,37523,99,117.4,33.25,565.2,43.65,LEFT,2.33,36923,37086,164,884,32.95,532.8,43.35
13,2,RIGHT,166,37425,37523,99,117.4,33.25,565.2,43.65,LEFT,1.98,37558,37714,157,51.6,33.75,576.1,44.05,RIGHT,25.25,37113,37334,222,961.7,33.65,531.2,43.8
13,2,RIGHT,167,37558,37714,157,51.6,33.75,576.1,44.05,RIGHT,2.8,37752,37872,121,145.1,33.15,574.5,43.65,RIGHT,1.98,37425,37523,99,117.4,33.25,565.2,43.65
13,2,RIGHT,168,37752,37872,121,145.1,33.15,574.5,43.65,RIGHT,3.03,37912,38045,134,244.4,32.45,569.9,43.25,LEFT,2.8,37558,37714,157,51.6,33.75,576.1,44.05
13,2,RIGHT,169,37912,38045,134,244.4,32.45,569.9,43.25,RIGHT,1.88,38083,38318,236,305.1,32.2,574.5,43,LEFT,3.03,37752,37872,121,145.1,33.15,574.5,43.65
13,2,RIGHT,170,38083,38318,236,305.1,32.2,574.5,43,LEFT,0.54,38338,38467,130,288,32.2,579.4,43.1,LEFT,1.88,37912,38045,134,244.4,32.45,569.9,43.25
13,2,RIGHT,171,38338,38467,130,288,32.2,579.4,43.1,RIGHT,4.19,38511,38662,152,422.1,31.8,573.7,42.8,RIGHT,0.54,38083,38318,236,305.1,32.2,574.5,43
13,2,RIGHT,172,38511,38662,152,422.1,31.8,573.7,42.8,RIGHT,2.26,38700,38850,151,494,31.7,574.1,42.75,LEFT,4.19,38338,38467,130,288,32.2,579.4,43.1
13,2,RIGHT,173,38700,38850,151,494,31.7,574.1,42.75,RIGHT,3.43,38891,39058,168,603,31.8,571.6,42.8,LEFT,2.26,38511,38662,152,422.1,31.8,573.7,42.8
13,2,RIGHT,174,38891,39058,168,603,31.8,571.6,42.8,LEFT,1.01,39083,39192,110,571,31.8,575.9,42.8,LEFT,3.43,38700,38850,151,494,31.7,574.1,42.75
13,2,RIGHT,175,39083,39192,110,571,31.8,575.9,42.8,RIGHT,3.4,39233,39371,139,679.4,32,573.1,42.9,RIGHT,1.01,38891,39058,168,603,31.8,571.6,42.8
13,2,RIGHT,176,39233,39371,139,679.4,32,573.1,42.9,RIGHT,2.77,39408,39562,155,768.5,32.35,572.4,43.1,LEFT,3.4,39083,39192,110,571,31.8,575.9,42.8
13,2,RIGHT,177,39408,39562,155,768.5,32.35,572.4,43.1,RIGHT,1.57,39597,39788,192,819.5,32.65,577.9,43.35,LEFT,2.77,39233,39371,139,679.4,32,573.1,42.9
13,2,RIGHT,178,39597,39788,192,819.5,32.65,577.9,43.35,RIGHT,1.8,39814,40073,260,878.6,33.1,580.1,43.6,LEFT,1.57,39408,39562,155,768.5,32.35,572.4,43.1
13,2,RIGHT,179,39814,40073,260,878.6,33.1,580.1,43.6,RIGHT,1.59,40098,40311,214,931.4,33.5,581,43.9,LEFT,1.8,39597,39788,192,819.5,32.65,577.9,43.35
13,2,RIGHT,180,40098,40311,214,931.4,33.5,581,43.9,LEFT,2,40348,40506,159,865,33.05,577.3,43.6,LEFT,1.59,39814,40073,260,878.6,33.1,580.1,43.6
13,2,RIGHT,181,40348,40506,159,865,33.05,577.3,43.6,LEFT,23.3,40597,40779,183,87.5,33.75,623.5,44.3,RIGHT,2,40098,40311,214,931.4,33.5,581,43.9
13,2,RIGHT,182,40597,40779,183,87.5,33.75,623.5,44.3,RIGHT,2.01,40829,40941,113,153.9,33.1,636.2,43.9,RIGHT,23.3,40348,40506,159,865,33.05,577.3,43.6
13,2,RIGHT,183,40829,40941,113,153.9,33.1,636.2,43.9,LEFT,1.08,40973,41160,188,118.5,33.35,629.3,44.05,LEFT,2.01,40597,40779,183,87.5,33.75,623.5,44.3
13,2,RIGHT,184,40973,41160,188,118.5,33.35,629.3,44.05,RIGHT,5.37,41206,41337,132,294.7,32.35,618.2,43.4,RIGHT,1.08,40829,40941,113,153.9,33.1,636.2,43.9
13,2,RIGHT,185,41206,41337,132,294.7,32.35,618.2,43.4,LEFT,1.13,41371,41485,115,258,32.45,619.7,43.45,LEFT,5.37,40973,41160,188,118.5,33.35,629.3,44.05
13,2,RIGHT,186,41371,41485,115,258,32.45,619.7,43.45,LEFT,5.82,41522,41740,219,65.4,33.8,628.2,44.3,RIGHT,1.13,41206,41337,132,294.7,32.35,618.2,43.4
13,2,RIGHT,187,41522,41740,219,65.4,33.8,628.2,44.3,RIGHT,2.88,41778,41914,137,161.6,33.1,624.8,43.85,RIGHT,5.82,41371,41485,115,258,32.45,619.7,43.45
13,2,RIGHT,188,41778,41914,137,161.6,33.1,624.8,43.85,LEFT,0.75,41946,42076,131,137.1,33.25,631.5,43.95,LEFT,2.88,41522,41740,219,65.4,33.8,628.2,44.3
13,2,RIGHT,189,41946,42076,131,137.1,33.25,631.5,43.95,LEFT,1.56,42113,42429,317,85.1,33.6,627.3,44.2,RIGHT,0.75,41778,41914,137,161.6,33.1,624.8,43.85
13,2,RIGHT,190,42113,42429,317,85.1,33.6,627.3,44.2,RIGHT,2.57,42456,42676,221,170.3,32.95,618.3,43.75,RIGHT,1.56,41946,42076,131,137.1,33.25,631.5,43.95
13,2,RIGHT,191,42456,42676,221,170.3,32.95,618.3,43.75,RIGHT,3.19,42716,42982,267,274.6,32.45,612.2,43.4,LEFT,2.57,42113,42429,317,85.1,33.6,627.3,44.2
13,2,RIGHT,192,42716,42982,267,274.6,32.45,612.2,43.4,RIGHT,2.45,43021,43261,241,353.4,32.1,604.4,43.2,LEFT,3.19,42456,42676,221,170.3,32.95,618.3,43.75
13,2,RIGHT,193,43021,43261,241,353.4,32.1,604.4,43.2,LEFT,3.28,43304,43441,138,247.8,32.45,611.6,43.45,LEFT,2.45,42716,42982,267,274.6,32.45,612.2,43.4
13,2,RIGHT,194,43304,43441,138,247.8,32.45,611.6,43.45,RIGHT,3.38,43487,43615,129,356.9,32.1,609,43.2,RIGHT,3.28,43021,43261,241,353.4,32.1,604.4,43.2
13,2,RIGHT,195,43487,43615,129,356.9,32.1,609,43.2,RIGHT,3.28,43653,43797,145,461.9,31.9,615.2,43.15,LEFT,3.38,43304,43441,138,247.8,32.45,611.6,43.45
13,2,RIGHT,196,43653,43797,145,461.9,31.9,615.2,43.15,RIGHT,0.77,43946,44162,217,486,31.9,608.5,43.05,LEFT,3.28,43487,43615,129,356.9,32.1,609,43.2
13,2,RIGHT,197,43946,44162,217,486,31.9,608.5,43.05,RIGHT,1.77,44202,44424,223,542.3,31.85,603.9,43,LEFT,0.77,43653,43797,145,461.9,31.9,615.2,43.15
13,2,RIGHT,198,44202,44424,223,542.3,31.85,603.9,43,RIGHT,2.18,44461,44546,86,611.5,31.9,613.6,43.1,LEFT,1.77,43946,44162,217,486,31.9,608.5,43.05
13,2,RIGHT,199,44461,44546,86,611.5,31.9,613.6,43.1,RIGHT,1.41,44578,44829,252,656.5,32,611.4,43.15,LEFT,2.18,44202,44424,223,542.3,31.85,603.9,43
13,2,RIGHT,200,44578,44829,252,656.5,32,611.4,43.15,RIGHT,2.25,44866,44995,130,728.8,32.3,618.1,43.35,LEFT,1.41,44461,44546,86,611.5,31.9,613.6,43.1
13,2,RIGHT,201,44866,44995,130,728.8,32.3,618.1,43.35,.,0.26,46027,46280,254,726.1,32.3,607.6,43.3,LEFT,2.25,44578,44829,252,656.5,32,611.4,43.15
13,2,RIGHT,202,46027,46280,254,726.1,32.3,607.6,43.3,LEFT,2.47,46306,46468,163,646.6,32,605.7,43.1,.,0.26,44866,44995,130,728.8,32.3,618.1,43.35
13,2,RIGHT,203,46306,46468,163,646.6,32,605.7,43.1,RIGHT,6.29,46501,46674,174,850.7,32.85,603,43.65,RIGHT,2.47,46027,46280,254,726.1,32.3,607.6,43.3
13,2,RIGHT,204,46501,46674,174,850.7,32.85,603,43.65,RIGHT,2.74,46698,46908,211,941.7,33.6,605.4,44.2,LEFT,6.29,46306,46468,163,646.6,32,605.7,43.1
13,2,RIGHT,205,46698,46908,211,941.7,33.6,605.4,44.2,LEFT,25,47003,47142,140,103.6,33.55,662.4,44.4,LEFT,2.74,46501,46674,174,850.7,32.85,603,43.65
13,2,RIGHT,206,47003,47142,140,103.6,33.55,662.4,44.4,LEFT,0.95,47173,47279,107,74.3,33.8,679.5,44.65,RIGHT,25,46698,46908,211,941.7,33.6,605.4,44.2
13,2,RIGHT,207,47173,47279,107,74.3,33.8,679.5,44.65,RIGHT,3.53,47317,47591,275,192.2,33.05,675.1,44.15,RIGHT,0.95,47003,47142,140,103.6,33.55,662.4,44.4
13,2,RIGHT,208,47317,47591,275,192.2,33.05,675.1,44.15,RIGHT,4.44,47634,47791,158,337.4,32.35,670.6,43.65,LEFT,3.53,47173,47279,107,74.3,33.8,679.5,44.65
13,2,RIGHT,209,47634,47791,158,337.4,32.35,670.6,43.65,RIGHT,1.36,47818,47918,101,381.3,32.2,666.3,43.55,LEFT,4.44,47317,47591,275,192.2,33.05,675.1,44.15
13,2,RIGHT,210,47818,47918,101,381.3,32.2,666.3,43.55,LEFT,3.05,47947,48143,197,283,32.5,675.6,43.8,LEFT,1.36,47634,47791,158,337.4,32.35,670.6,43.65
13,2,RIGHT,211,47947,48143,197,283,32.5,675.6,43.8,RIGHT,7.39,48178,48341,164,521.1,32,667.1,43.4,RIGHT,3.05,47818,47918,101,381.3,32.2,666.3,43.55
13,2,RIGHT,212,48178,48341,164,521.1,32,667.1,43.4,RIGHT,3.18,48377,48550,174,622.8,32.1,673.6,43.5,LEFT,7.39,47947,48143,197,283,32.5,675.6,43.8
13,2,RIGHT,213,48377,48550,174,622.8,32.1,673.6,43.5,RIGHT,3.66,48590,48763,174,740.8,32.45,669.9,43.7,LEFT,3.18,48178,48341,164,521.1,32,667.1,43.4
13,2,RIGHT,214,48590,48763,174,740.8,32.45,669.9,43.7,LEFT,1.02,48795,49334,540,707.9,32.4,671.4,43.7,LEFT,3.66,48377,48550,174,622.8,32.1,673.6,43.5
13,2,RIGHT,215,48795,49334,540,707.9,32.4,671.4,43.7,LEFT,11.36,50872,51044,173,429.1,31.45,360.6,41.8,RIGHT,1.02,48590,48763,174,740.8,32.45,669.9,43.7
13,2,RIGHT,216,50872,51044,173,429.1,31.45,360.6,41.8,.,.,.,.,.,.,.,.,.,RIGHT,11.36,48795,49334,540,707.9,32.4,671.4,43.7
